,cost,meters,rooms,dist,floor
0,395000.0,37.38,2.0,Jeżyce,0.0
1,413572.0,41.25,2.0,Nowe Miasto,0.0
2,618000.0,69.2,4.0,Jeżyce,0.0
3,334000.0,30.34,1.0,Jeżyce,2.0
4,491000.0,51.61,3.0,Jeżyce,1.0
5,420805.0,54.65,2.0,Stare Miasto,4.0
6,597000.0,69.81,4.0,Jeżyce,1.0
7,481928.0,39.47,2.0,Grunwald,2.0
8,486884.0,39.84,2.0,Grunwald,2.0
9,646584.0,59.98,4.0,Grunwald,1.0
10,653040.0,72.56,4.0,Jeżyce,0.0
11,637347.0,59.98,4.0,Grunwald,0.0
12,526361.0,48.29,2.0,Jeżyce,0.0
13,382826.0,34.52,2.0,Nowe Miasto,5.0
14,453707.0,39.47,2.0,Grunwald,1.0
15,324486.0,25.43,1.0,Grunwald,1.0
16,426004.0,49.57,3.0,Stare Miasto,4.0
17,649000.0,83.0,4.0,Grunwald,0.0
18,683100.0,59.4,3.0,Wilda,1.0
19,627272.0,70.48,3.0,Jeżyce,0.0
20,399360.0,41.6,2.0,Nowe Miasto,2.0
21,448931.0,39.47,2.0,Grunwald,0.0
22,409035.0,40.7,2.0,Nowe Miasto,0.0
23,409640.0,46.55,2.0,Stare Miasto,0.0
24,438240.0,39.84,2.0,Grunwald,1.0
25,393000.0,34.21,2.0,Nowe Miasto,1.0
26,412000.0,39.26,2.0,Jeżyce,3.0
27,639000.0,54.23,3.0,Stare Miasto,2.0
28,281579.0,27.01,1.0,Stare Miasto,0.0
29,567459.0,52.91,3.0,Grunwald,4.0
30,340000.0,30.34,1.0,Jeżyce,3.0
31,495000.0,52.01,3.0,Jeżyce,1.0
32,542000.0,60.59,3.0,Jeżyce,2.0
33,668357.0,59.98,4.0,Grunwald,4.0
34,391078.0,37.15,1.0,Grunwald,4.0
35,393000.0,37.36,2.0,Jeżyce,1.0
36,461748.0,50.19,3.0,Wilda,1.0
37,437460.0,47.55,2.0,Grunwald,0.0
38,638389.0,67.1,3.0,Grunwald,3.0
39,293000.0,27.19,1.0,Jeżyce,0.0
40,415800.0,37.8,2.0,Nowe Miasto,4.0
41,314951.0,34.61,1.0,Nowe Miasto,0.0
42,488007.0,50.31,2.0,Wilda,5.0
43,429755.0,43.69,2.0,Nowe Miasto,2.0
44,619000.0,54.8,3.0,Stare Miasto,2.0
45,638750.0,73.0,3.0,Grunwald,0.0
46,344608.0,39.16,1.0,Stare Miasto,0.0
47,487350.0,64.98,4.0,Stare Miasto,0.0
48,481424.0,49.3,2.0,Grunwald,3.0
49,464775.0,61.97,3.0,Stare Miasto,0.0
50,479000.0,55.87,3.0,Grunwald,2.0
51,293657.0,32.27,1.0,Nowe Miasto,0.0
52,599585.0,64.82,3.0,Jeżyce,0.0
53,545098.0,70.29,4.0,Stare Miasto,1.0
54,589864.0,67.03,4.0,Grunwald,3.0
55,469728.0,48.6,2.0,Grunwald,1.0
56,683821.0,71.83,3.0,Nowe Miasto,0.0
57,337463.0,34.79,1.0,Grunwald,1.0
58,351778.0,39.13,1.0,Stare Miasto,0.0
59,490000.0,52.18,3.0,Nowe Miasto,4.0
60,403329.0,46.79,2.0,Stare Miasto,4.0
61,337463.0,34.79,1.0,Grunwald,4.0
62,559543.0,62.87,4.0,Wilda,1.0
63,364848.0,41.46,2.0,wielkopolskie,5.0
64,542735.0,57.13,3.0,Jeżyce,0.0
65,646716.0,76.99,4.0,Jeżyce,0.0
66,294580.0,41.04,3.0,Nowe Miasto,3.0
67,288500.0,41.3,3.0,Nowe Miasto,0.0
68,368700.0,43.9,2.0,Jeżyce,2.0
69,474936.0,53.97,3.0,Grunwald,1.0
70,487135.0,57.31,2.0,Jeżyce,3.0
71,514999.0,60.0,4.0,Stare Miasto,1.0
72,330000.0,35.0,2.0,Stare Miasto,2.0
73,470106.0,51.66,3.0,Grunwald,1.0
74,425500.0,46.25,2.0,Grunwald,0.0
75,374262.0,37.24,2.0,Stare Miasto,1.0
76,442316.0,48.74,3.0,Stare Miasto,2.0
77,525594.0,60.24,4.0,Stare Miasto,2.0
78,377663.0,36.14,2.0,Nowe Miasto,2.0
79,544000.0,66.42,3.0,Grunwald,1.0
80,495151.0,55.17,3.0,Stare Miasto,1.0
81,581292.0,55.31,3.0,Wilda,0.0
82,544000.0,58.84,3.0,Nowe Miasto,2.0
83,308000.0,32.86,2.0,Stare Miasto,2.0
84,393547.0,37.66,2.0,Nowe Miasto,1.0
85,529000.0,46.0,2.0,Nowe Miasto,1.0
86,569000.0,82.8,4.0,Grunwald,0.0
87,655000.0,82.8,4.0,Grunwald,0.0
88,415710.0,44.7,2.0,Nowe Miasto,4.0
89,409000.0,81.0,3.0,wielkopolskie,1.0
90,304800.0,25.17,1.0,Nowe Miasto,1.0
91,415466.0,47.92,3.0,Grunwald,3.0
92,439000.0,49.18,3.0,Nowe Miasto,2.0
93,362822.0,40.19,2.0,Nowe Miasto,0.0
94,361722.0,40.04,2.0,Nowe Miasto,1.0
95,409400.0,46.0,1.0,Wilda,1.0
96,376635.0,42.05,2.0,Nowe Miasto,2.0
97,535338.0,57.65,4.0,Nowe Miasto,7.0
98,199000.0,22.08,1.0,Nowe Miasto,0.0
99,266500.0,33.84,2.0,Nowe Miasto,0.0
100,288500.0,41.3,3.0,Nowe Miasto,0.0
101,291263.0,42.25,3.0,Nowe Miasto,2.0
102,399000.0,52.2,3.0,wielkopolskie,0.0
103,343000.0,41.0,2.0,Stare Miasto,0.0
104,318000.0,35.4,2.0,Stare Miasto,1.0
105,288000.0,27.6,1.0,Jeżyce,1.0
106,292500.0,31.75,2.0,Nowe Miasto,1.0
107,379000.0,42.4,2.0,Grunwald,3.0
108,389000.0,44.0,2.0,Grunwald,0.0
109,270000.0,27.0,1.0,Stare Miasto,2.0
110,302450.0,28.3,2.0,Stare Miasto,2.0
111,685412.0,69.94,3.0,Grunwald,1.0
112,566375.0,45.31,2.0,Wilda,5.0
113,586080.0,52.8,2.0,Jeżyce,5.0
114,385180.0,42.02,2.0,Nowe Miasto,0.0
115,345123.0,37.19,2.0,Grunwald,1.0
116,545362.0,59.41,4.0,Nowe Miasto,7.0
117,415466.0,48.0,3.0,Grunwald,3.0
118,649000.0,86.0,4.0,Grunwald,0.0
119,471375.0,37.71,1.0,Wilda,0.0
120,604755.0,67.95,3.0,Jeżyce,0.0
121,526240.0,57.2,3.0,Nowe Miasto,2.0
122,360712.0,40.99,2.0,Stare Miasto,0.0
123,521265.0,54.87,3.0,Jeżyce,0.0
124,514291.0,56.64,3.0,Grunwald,4.0
125,555000.0,55.51,3.0,Nowe Miasto,0.0
126,487350.0,64.98,4.0,wielkopolskie,0.0
127,359300.0,39.35,1.0,Nowe Miasto,4.0
128,564395.0,59.41,4.0,Nowe Miasto,8.0
129,553440.0,57.65,4.0,Nowe Miasto,8.0
130,285390.0,31.71,1.0,Stare Miasto,0.0
131,685500.0,87.11,4.0,Grunwald,2.0
132,297095.0,28.0,1.0,Stare Miasto,2.0
133,345000.0,39.73,2.0,Stare Miasto,0.0
134,489301.0,44.89,2.0,Wilda,2.0
135,370779.0,40.38,2.0,Nowe Miasto,0.0
136,432504.0,28.93,1.0,Grunwald,1.0
137,549000.0,50.0,2.0,Stare Miasto,5.0
138,621041.0,69.39,3.0,Nowe Miasto,0.0
139,266500.0,33.76,2.0,Nowe Miasto,1.0
140,446989.0,51.3,3.0,Stare Miasto,0.0
141,677689.0,83.6,4.0,Stare Miasto,2.0
142,347780.0,37.0,2.0,Stare Miasto,0.0
143,690624.0,63.36,3.0,Jeżyce,5.0
144,421568.0,37.64,2.0,Jeżyce,5.0
145,348964.0,33.88,1.0,Wilda,1.0
146,476935.0,52.7,4.0,Wilda,1.0
147,687585.0,59.79,3.0,Wilda,2.0
148,421400.0,43.0,2.0,Nowe Miasto,3.0
149,360712.0,40.99,2.0,Stare Miasto,0.0
150,568695.0,61.15,2.0,Stare Miasto,1.0
151,532000.0,70.0,10.0,Grunwald,2.0
152,353711.0,32.98,2.0,Stare Miasto,3.0
153,377663.0,36.14,2.0,Nowe Miasto,1.0
154,616254.0,75.8,4.0,Grunwald,3.0
155,542470.0,63.82,3.0,Grunwald,1.0
156,620044.0,75.8,4.0,Grunwald,4.0
157,360000.0,40.0,2.0,Nowe Miasto,2.0
158,489000.0,60.0,3.0,Stare Miasto,1.0
159,419000.0,48.74,3.0,Stare Miasto,2.0
160,399000.0,47.19,4.0,Stare Miasto,2.0
161,399000.0,47.19,3.0,Stare Miasto,0.0
162,496900.0,57.78,3.0,Nowe Miasto,1.0
163,396100.0,45.54,2.0,Nowe Miasto,1.0
164,590000.0,66.06,3.0,Jeżyce,4.0
165,308500.0,42.24,3.0,Nowe Miasto,1.0
166,581298.0,53.69,3.0,Wilda,3.0
167,382580.0,40.7,2.0,Nowe Miasto,1.0
168,565000.0,61.4,3.0,Nowe Miasto,0.0
169,569000.0,66.36,3.0,Grunwald,2.0
170,278878.0,27.01,1.0,Stare Miasto,0.0
171,547675.0,57.65,4.0,Nowe Miasto,7.0
172,438000.0,48.37,2.0,Grunwald,0.0
173,479604.0,44.43,2.0,Wilda,2.0
174,535000.0,66.06,3.0,Jeżyce,2.0
175,499700.0,51.7,2.0,Wilda,0.0
176,485000.0,65.01,3.0,Jeżyce,0.0
177,405000.0,50.18,3.0,Nowe Miasto,4.0
178,561100.0,67.67,3.0,Nowe Miasto,1.0
179,445000.0,48.97,2.0,Nowe Miasto,1.0
180,339000.0,41.5,2.0,Stare Miasto,0.0
181,394095.0,40.42,2.0,Nowe Miasto,4.0
182,413572.0,41.25,2.0,Nowe Miasto,0.0
183,293657.0,32.27,1.0,Nowe Miasto,0.0
184,550000.0,34.51,2.0,Jeżyce,1.0
185,340000.0,32.94,2.0,Nowe Miasto,5.0
186,316470.0,41.1,2.0,Wilda,0.0
187,328968.0,45.69,2.0,Grunwald,1.0
188,279871.0,42.11,3.0,Nowe Miasto,2.0
189,360010.0,25.9,2.0,Stare Miasto,0.0
190,294489.0,25.17,1.0,Wilda,1.0
191,442900.0,47.26,3.0,Nowe Miasto,4.0
192,535338.0,57.65,4.0,Nowe Miasto,7.0
193,581280.0,51.9,2.0,Jeżyce,5.0
194,295680.0,26.4,1.0,Jeżyce,5.0
195,699400.0,69.94,3.0,Grunwald,3.0
196,680685.0,59.19,3.0,Wilda,5.0
197,470500.0,37.64,2.0,Wilda,5.0
198,644575.0,67.85,4.0,Nowe Miasto,3.0
199,360712.0,40.99,2.0,Stare Miasto,0.0
200,580200.0,58.02,3.0,Jeżyce,0.0
201,361620.0,40.02,2.0,Nowe Miasto,1.0
202,564395.0,59.41,4.0,Nowe Miasto,8.0
203,362063.0,37.66,2.0,Nowe Miasto,2.0
204,348080.0,36.38,2.0,Nowe Miasto,0.0
205,499000.0,53.91,3.0,Grunwald,1.0
206,592900.0,76.3,4.0,Stare Miasto,1.0
207,565965.0,66.3,4.0,Stare Miasto,1.0
208,486500.0,55.0,3.0,Stare Miasto,2.0
209,429899.0,47.0,3.0,Stare Miasto,1.0
210,369898.0,41.0,2.0,Stare Miasto,2.0
211,318989.0,31.0,2.0,Stare Miasto,2.0
212,359000.0,34.0,2.0,Grunwald,3.0
213,513763.0,58.26,4.0,Nowe Miasto,2.0
214,376635.0,40.38,2.0,Nowe Miasto,2.0
215,523814.0,55.43,3.0,Nowe Miasto,5.0
216,388224.0,40.44,2.0,Nowe Miasto,1.0
217,359300.0,30.21,2.0,Nowe Miasto,1.0
218,378352.0,36.38,2.0,Nowe Miasto,0.0
219,306628.0,28.59,1.0,Stare Miasto,0.0
220,564395.0,59.41,4.0,Nowe Miasto,8.0
221,367000.0,27.42,1.0,Wilda,4.0
222,437000.0,46.43,2.0,Grunwald,3.0
223,415000.0,46.83,2.0,Nowe Miasto,0.0
224,684000.0,57.9,3.0,Grunwald,1.0
225,449665.0,64.7,3.0,Jeżyce,2.0
226,339900.0,32.09,2.0,Nowe Miasto,2.0
227,438282.0,42.24,2.0,Nowe Miasto,0.0
228,393000.0,34.21,2.0,Nowe Miasto,1.0
229,465945.0,48.79,3.0,Nowe Miasto,3.0
230,677800.0,71.35,4.0,Nowe Miasto,0.0
231,498400.0,57.96,3.0,Nowe Miasto,0.0
232,347003.0,35.59,2.0,Stare Miasto,0.0
233,379000.0,39.0,2.0,Nowe Miasto,0.0
234,646200.0,81.8,3.0,Jeżyce,1.0
235,420342.0,41.21,2.0,Nowe Miasto,3.0
236,549300.0,65.4,4.0,Jeżyce,0.0
237,699000.0,91.0,4.0,Stare Miasto,1.0
238,240000.0,38.5,1.0,Wilda,0.0
239,481424.0,49.3,2.0,Grunwald,1.0
240,544980.0,58.6,3.0,Stare Miasto,1.0
241,632083.0,67.2,3.0,Grunwald,1.0
242,402771.0,45.48,2.0,Jeżyce,2.0
243,385989.0,45.48,3.0,Jeżyce,1.0
244,385989.0,45.48,3.0,Jeżyce,1.0
245,385989.0,45.48,3.0,Jeżyce,1.0
246,464625.0,37.17,2.0,Wilda,0.0
247,360712.0,40.99,2.0,Stare Miasto,0.0
248,568695.0,61.15,2.0,Stare Miasto,2.0
249,443328.0,46.18,2.0,Wilda,4.0
250,368016.0,36.08,2.0,Nowe Miasto,0.0
251,502482.0,55.42,3.0,Nowe Miasto,3.0
252,362000.0,42.7,2.0,Stare Miasto,1.0
253,297095.0,28.0,1.0,Stare Miasto,1.0
254,349000.0,40.3,2.0,wielkopolskie,2.0
255,324923.0,41.8,2.0,Stare Miasto,2.0
256,338813.0,34.75,2.0,Stare Miasto,0.0
257,412284.0,43.86,2.0,Stare Miasto,1.0
258,407885.0,42.05,2.0,Nowe Miasto,6.0
259,469478.0,49.16,3.0,Nowe Miasto,4.0
260,304800.0,25.16,1.0,Nowe Miasto,1.0
261,406000.0,42.33,2.0,Grunwald,1.0
262,343000.0,41.0,2.0,Stare Miasto,0.0
263,351871.0,40.0,2.0,Stare Miasto,3.0
264,381010.0,39.32,2.0,Stare Miasto,3.0
265,401650.0,41.45,2.0,Jeżyce,0.0
266,502569.0,55.43,3.0,Nowe Miasto,4.0
267,379000.0,42.06,2.0,Nowe Miasto,1.0
268,378000.0,38.77,2.0,Nowe Miasto,5.0
269,593376.0,52.98,3.0,Jeżyce,5.0
270,638960.0,57.05,3.0,Jeżyce,5.0
271,360712.0,40.99,2.0,Stare Miasto,0.0
272,694059.0,74.63,3.0,Stare Miasto,1.0
273,349000.0,30.0,2.0,Jeżyce,3.0
274,517660.0,57.2,3.0,Nowe Miasto,2.0
275,618000.0,65.95,3.0,Nowe Miasto,1.0
276,344600.0,25.44,1.0,Nowe Miasto,5.0
277,369000.0,40.56,2.0,Stare Miasto,2.0
278,659875.0,52.79,3.0,Wilda,6.0
279,398720.0,35.6,2.0,Jeżyce,5.0
280,418544.0,37.37,2.0,Jeżyce,5.0
281,351227.0,36.14,2.0,Nowe Miasto,1.0
282,435000.0,48.79,3.0,Nowe Miasto,2.0
283,622318.0,75.8,4.0,Grunwald,2.0
284,679995.0,59.13,3.0,Wilda,0.0
285,515500.0,41.24,2.0,Wilda,0.0
286,510800.0,44.37,2.0,Wilda,5.0
287,644000.0,59.3,3.0,Wilda,3.0
288,489499.0,55.52,3.0,Nowe Miasto,3.0
289,362722.0,40.21,2.0,Nowe Miasto,0.0
290,514999.0,60.0,4.0,Stare Miasto,2.0
291,408030.0,40.6,2.0,Nowe Miasto,0.0
292,385629.0,40.38,2.0,Nowe Miasto,0.0
293,377454.0,36.12,2.0,Nowe Miasto,1.0
294,520948.0,58.26,3.0,Nowe Miasto,3.0
295,394033.0,41.26,2.0,Stare Miasto,2.0
296,429000.0,46.92,2.0,Grunwald,4.0
297,561000.0,66.36,3.0,Grunwald,1.0
298,564000.0,67.41,3.0,Grunwald,5.0
299,689000.0,86.85,4.0,Grunwald,2.0
300,536145.0,57.65,4.0,Nowe Miasto,6.0
301,297808.0,26.59,1.0,Nowe Miasto,8.0
302,535992.0,58.26,4.0,Nowe Miasto,2.0
303,452000.0,48.35,2.0,Grunwald,4.0
304,391201.0,40.33,2.0,Nowe Miasto,6.0
305,508100.0,65.99,3.0,Grunwald,0.0
306,476600.0,65.27,2.0,Grunwald,1.0
307,499900.0,65.27,2.0,Grunwald,2.0
308,392887.0,42.02,2.0,Nowe Miasto,0.0
309,509864.0,55.42,3.0,Nowe Miasto,4.0
310,267399.0,27.01,1.0,Stare Miasto,0.0
311,503471.0,46.19,2.0,Wilda,5.0
312,489301.0,44.89,2.0,Wilda,4.0
313,688000.0,76.61,4.0,Nowe Miasto,2.0
314,486000.0,47.55,2.0,Nowe Miasto,5.0
315,638000.0,65.95,3.0,Nowe Miasto,4.0
316,554000.0,61.53,3.0,Nowe Miasto,0.0
317,566130.0,66.8,4.0,Nowe Miasto,0.0
318,616980.0,72.8,4.0,Nowe Miasto,4.0
319,407388.0,40.69,2.0,Stare Miasto,2.0
320,322028.0,32.86,2.0,Stare Miasto,0.0
321,373152.0,40.56,2.0,Stare Miasto,2.0
322,305391.0,21.59,1.0,Stare Miasto,1.0
323,475458.0,43.62,2.0,wielkopolskie,4.0
324,515352.0,47.28,2.0,wielkopolskie,1.0
325,513763.0,58.26,4.0,Nowe Miasto,0.0
326,528799.0,60.2,4.0,Stare Miasto,0.0
327,376635.0,40.38,2.0,Nowe Miasto,0.0
328,514291.0,56.64,3.0,wielkopolskie,4.0
329,538935.0,56.73,3.0,Jeżyce,0.0
330,684000.0,76.61,4.0,Nowe Miasto,1.0
331,691000.0,86.0,4.0,Jeżyce,1.0
332,650000.0,58.01,3.0,Wilda,3.0
333,359000.0,41.08,2.0,Stare Miasto,1.0
334,677000.0,86.0,4.0,Stare Miasto,1.0
335,308264.0,27.28,1.0,wielkopolskie,4.0
336,376635.0,40.38,2.0,Nowe Miasto,0.0
337,442385.0,51.56,3.0,Grunwald,2.0
338,345123.0,37.2,2.0,Grunwald,1.0
339,550697.0,68.24,4.0,Grunwald,1.0
340,490851.0,53.18,3.0,wielkopolskie,4.0
341,370000.0,40.0,2.0,Nowe Miasto,2.0
342,440720.0,39.35,2.0,Jeżyce,5.0
343,610727.0,56.03,2.0,Jeżyce,5.0
344,548760.0,68.0,3.0,Grunwald,2.0
345,548760.0,68.0,3.0,Grunwald,0.0
346,273000.0,31.88,2.0,Stare Miasto,3.0
347,409900.0,48.8,3.0,Stare Miasto,3.0
348,329000.0,69.4,3.0,Poznań,0.0
349,426455.0,44.89,2.0,Wilda,2.0
350,427000.0,46.43,2.0,Grunwald,1.0
351,408030.0,40.6,2.0,Nowe Miasto,0.0
352,409035.0,40.7,2.0,Nowe Miasto,0.0
353,414390.0,43.62,2.0,Wilda,4.0
354,385989.0,45.48,3.0,Jeżyce,1.0
355,499900.0,65.27,2.0,Grunwald,3.0
356,345000.0,39.73,2.0,Stare Miasto,0.0
357,353521.0,40.4,2.0,Nowe Miasto,0.0
358,487075.0,55.42,3.0,Nowe Miasto,3.0
359,376475.0,40.7,2.0,Nowe Miasto,1.0
360,380700.0,37.36,1.0,Wilda,0.0
361,367946.0,37.45,2.0,Nowe Miasto,1.0
362,365499.0,40.5,2.0,Nowe Miasto,1.0
363,410508.0,48.87,3.0,Jeżyce,4.0
364,410508.0,48.6,3.0,Jeżyce,4.0
365,410508.0,48.87,3.0,Jeżyce,3.0
366,410508.0,48.87,3.0,Jeżyce,3.0
367,406800.0,50.86,3.0,Jeżyce,3.0
368,410508.0,48.87,3.0,Jeżyce,3.0
369,348990.0,34.99,2.0,Jeżyce,3.0
370,410508.0,48.87,3.0,Jeżyce,3.0
371,410508.0,48.87,3.0,Jeżyce,3.0
372,410508.0,48.87,3.0,Jeżyce,3.0
373,410508.0,48.6,3.0,Jeżyce,3.0
374,410508.0,48.87,3.0,Jeżyce,2.0
375,410508.0,48.87,3.0,Jeżyce,2.0
376,516000.0,61.43,3.0,Jeżyce,2.0
377,348990.0,34.99,2.0,Jeżyce,2.0
378,410508.0,48.87,3.0,Jeżyce,2.0
379,410508.0,48.87,3.0,Jeżyce,2.0
380,410508.0,48.87,3.0,Jeżyce,1.0
381,410508.0,48.87,3.0,Jeżyce,1.0
382,410508.0,48.87,3.0,Jeżyce,1.0
383,348990.0,34.99,2.0,Jeżyce,1.0
384,415770.0,39.96,2.0,Stare Miasto,4.0
385,359000.0,42.33,2.0,Stare Miasto,0.0
386,369000.0,40.0,2.0,Nowe Miasto,2.0
387,407080.0,43.4,2.0,Nowe Miasto,2.0
388,585000.0,61.39,3.0,Nowe Miasto,2.0
389,410508.0,48.87,3.0,Jeżyce,1.0
390,410508.0,48.87,3.0,Jeżyce,1.0
391,410508.0,48.87,3.0,Jeżyce,1.0
392,410508.0,48.6,3.0,Jeżyce,1.0
393,492624.0,55.98,3.0,Grunwald,1.0
394,563588.0,66.5,3.0,Nowe Miasto,0.0
395,656191.0,58.07,3.0,Jeżyce,5.0
396,515875.0,41.27,2.0,Wilda,0.0
397,351281.0,37.45,2.0,Grunwald,2.0
398,529400.0,52.94,2.0,Grunwald,3.0
399,385989.0,45.48,2.0,Jeżyce,1.0
400,420000.0,46.22,2.0,Stare Miasto,4.0
401,313500.0,25.01,1.0,Nowe Miasto,0.0
402,390231.0,40.23,2.0,Nowe Miasto,5.0
403,374262.0,37.24,2.0,Stare Miasto,1.0
404,376635.0,40.38,2.0,Nowe Miasto,0.0
405,445000.0,49.0,2.0,Nowe Miasto,1.0
406,650000.0,69.34,3.0,Grunwald,0.0
407,287000.0,27.05,1.0,Jeżyce,2.0
408,503200.0,63.7,3.0,Jeżyce,1.0
409,345500.0,36.21,2.0,wielkopolskie,8.0
410,693000.0,63.09,4.0,Stare Miasto,3.0
411,566375.0,45.31,2.0,Wilda,1.0
412,385989.0,45.48,2.0,Jeżyce,1.0
413,469000.0,52.63,2.0,Jeżyce,0.0
414,699000.0,106.66,4.0,Jeżyce,1.0
415,389000.0,53.3,3.0,Nowe Miasto,0.0
416,538905.0,58.26,4.0,Nowe Miasto,0.0
417,463505.0,48.79,3.0,Nowe Miasto,2.0
418,396400.0,41.92,2.0,Nowe Miasto,0.0
419,342444.0,32.23,2.0,Stare Miasto,0.0
420,480000.0,44.91,2.0,Nowe Miasto,6.0
421,544000.0,66.42,3.0,Grunwald,1.0
422,304800.0,25.17,1.0,Nowe Miasto,1.0
423,345130.0,37.19,2.0,Grunwald,1.0
424,330000.0,35.0,2.0,Stare Miasto,1.0
425,270000.0,27.0,1.0,Stare Miasto,1.0
426,559000.0,60.71,3.0,Jeżyce,3.0
427,394000.0,37.38,2.0,Jeżyce,0.0
428,432000.0,46.49,2.0,Jeżyce,1.0
429,425000.0,45.59,2.0,Jeżyce,2.0
430,554000.0,60.59,3.0,Jeżyce,3.0
431,413000.0,39.3,2.0,Jeżyce,1.0
432,424000.0,39.25,2.0,Jeżyce,2.0
433,411000.0,43.74,2.0,Jeżyce,2.0
434,538000.0,58.61,3.0,Jeżyce,0.0
435,432000.0,45.59,2.0,Jeżyce,3.0
436,627000.0,66.1,3.0,Jeżyce,3.0
437,440000.0,46.49,2.0,Jeżyce,2.0
438,391000.0,41.6,2.0,Jeżyce,2.0
439,349999.0,35.0,2.0,Nowe Miasto,3.0
440,512900.0,57.5,4.0,Nowe Miasto,3.0
441,310000.0,37.75,3.0,Stare Miasto,2.0
442,355555.0,42.7,2.0,Stare Miasto,1.0
443,304800.0,25.17,1.0,Nowe Miasto,1.0
444,389860.0,40.4,2.0,Nowe Miasto,0.0
445,361550.0,40.88,2.0,Nowe Miasto,1.0
446,698000.0,91.0,4.0,Jeżyce,1.0
447,534000.0,52.18,3.0,Nowe Miasto,4.0
448,596567.0,67.03,4.0,Grunwald,4.0
449,549224.0,52.81,2.0,Grunwald,3.0
450,385989.0,45.48,2.0,Jeżyce,2.0
451,395272.0,52.71,3.0,Wilda,3.0
452,401650.0,41.45,2.0,Jeżyce,0.0
453,412503.0,42.57,2.0,Jeżyce,2.0
454,337463.0,34.79,1.0,Grunwald,2.0
455,496951.0,54.61,2.0,Grunwald,2.0
456,413550.0,47.92,3.0,Grunwald,1.0
457,381010.0,39.32,2.0,Stare Miasto,5.0
458,502482.0,55.42,3.0,Nowe Miasto,3.0
459,513763.0,58.26,4.0,Nowe Miasto,0.0
460,440640.0,43.2,2.0,Stare Miasto,5.0
461,407082.0,43.58,2.0,Nowe Miasto,1.0
462,502482.0,55.42,3.0,Nowe Miasto,3.0
463,513763.0,58.26,4.0,Nowe Miasto,0.0
464,546523.0,62.04,3.0,Stare Miasto,1.0
465,528799.0,60.19,4.0,Stare Miasto,0.0
466,349950.0,32.31,2.0,Nowe Miasto,6.0
467,439000.0,42.52,2.0,Stare Miasto,2.0
468,441048.0,47.94,2.0,Nowe Miasto,1.0
469,528799.0,60.19,4.0,Stare Miasto,0.0
470,407388.0,40.69,2.0,Stare Miasto,1.0
471,517625.0,41.41,2.0,Wilda,2.0
472,385989.0,45.48,2.0,Jeżyce,1.0
473,205022.0,27.34,1.0,Wilda,3.0
474,657900.0,36.55,1.0,Grunwald,3.0
475,443900.0,48.84,3.0,Nowe Miasto,1.0
476,351871.0,40.0,2.0,Stare Miasto,3.0
477,516000.0,67.33,3.0,Grunwald,0.0
478,343000.0,41.0,2.0,Stare Miasto,0.0
479,406000.0,42.33,2.0,Grunwald,1.0
480,324923.0,41.8,2.0,Stare Miasto,1.0
481,349000.0,40.3,2.0,wielkopolskie,2.0
482,529000.0,59.0,3.0,Jeżyce,3.0
483,377400.0,45.15,2.0,Stare Miasto,1.0
484,297095.0,28.0,1.0,Stare Miasto,2.0
485,381122.0,38.89,2.0,Stare Miasto,1.0
486,351120.0,36.12,2.0,Nowe Miasto,1.0
487,515120.0,57.65,4.0,Nowe Miasto,8.0
488,513577.0,65.0,3.0,Jeżyce,0.0
489,427000.0,46.43,2.0,Grunwald,1.0
490,468384.0,48.79,2.0,Nowe Miasto,2.0
491,674000.0,86.0,4.0,Stare Miasto,1.0
492,383809.0,36.38,2.0,Nowe Miasto,1.0
493,535338.0,57.65,4.0,Nowe Miasto,7.0
494,407082.0,43.58,2.0,Nowe Miasto,1.0
495,371898.0,45.7,2.0,Stare Miasto,1.0
496,466500.0,37.32,2.0,Wilda,2.0
497,485000.0,43.5,2.0,Stare Miasto,1.0
498,497644.0,50.78,2.0,Grunwald,1.0
499,282487.0,37.67,2.0,Wilda,3.0
500,480000.0,42.5,2.0,Jeżyce,0.0
501,499000.0,64.8,3.0,Jeżyce,1.0
502,407082.0,43.58,2.0,Nowe Miasto,1.0
503,399900.0,42.02,2.0,Nowe Miasto,1.0
504,405801.0,40.99,2.0,wielkopolskie,2.0
505,366180.0,42.7,2.0,Stare Miasto,1.0
506,302278.0,21.37,1.0,Stare Miasto,1.0
507,267399.0,27.01,1.0,Stare Miasto,0.0
508,685520.0,83.6,4.0,Stare Miasto,1.0
509,545362.0,59.41,4.0,Nowe Miasto,7.0
510,489691.0,55.42,3.0,Nowe Miasto,3.0
511,364931.0,40.44,2.0,Nowe Miasto,1.0
512,379549.0,42.06,2.0,Nowe Miasto,1.0
513,351000.0,37.0,2.0,Nowe Miasto,3.0
514,431000.0,50.0,3.0,Nowe Miasto,1.0
515,358000.0,41.0,2.0,Nowe Miasto,3.0
516,501000.0,58.0,4.0,Nowe Miasto,5.0
517,259000.0,27.5,1.0,Stare Miasto,1.0
518,510000.0,60.0,4.0,Nowe Miasto,4.0
519,355000.0,41.5,2.0,Stare Miasto,2.0
520,321000.0,33.0,2.0,Stare Miasto,3.0
521,411000.0,49.0,3.0,Stare Miasto,2.0
522,392000.0,45.0,3.0,Stare Miasto,3.0
523,678000.0,89.0,4.0,Stare Miasto,3.0
524,488000.0,61.0,4.0,Stare Miasto,3.0
525,368700.0,43.9,2.0,Jeżyce,2.0
526,359300.0,30.21,2.0,Nowe Miasto,2.0
527,304800.0,25.17,1.0,Nowe Miasto,1.0
528,516000.0,67.33,3.0,Grunwald,0.0
529,544000.0,66.42,3.0,Grunwald,1.0
530,597000.0,74.28,4.0,Grunwald,2.0
531,499700.0,52.6,2.0,Stare Miasto,0.0
532,596401.0,77.91,4.0,Stare Miasto,0.0
533,311256.0,35.37,1.0,Stare Miasto,1.0
534,359000.0,42.7,2.0,Stare Miasto,1.0
535,502482.0,55.42,3.0,Nowe Miasto,5.0
536,464200.0,32.0,2.0,Nowe Miasto,5.0
537,454212.0,48.84,3.0,Nowe Miasto,2.0
538,375000.0,36.12,2.0,Nowe Miasto,1.0
539,376635.0,40.38,2.0,Nowe Miasto,0.0
540,384904.0,37.01,2.0,Nowe Miasto,0.0
541,597000.0,74.28,3.0,Grunwald,2.0
542,337637.0,32.86,2.0,Stare Miasto,0.0
543,504801.0,50.99,2.0,Grunwald,2.0
544,502600.0,57.78,3.0,Nowe Miasto,0.0
545,356277.0,47.51,3.0,Wilda,3.0
546,359000.0,38.0,2.0,Stare Miasto,0.0
547,429000.0,46.92,2.0,Grunwald,3.0
548,675000.0,86.0,4.0,Stare Miasto,1.0
549,461872.0,54.0,3.0,Stare Miasto,4.0
550,438000.0,46.43,2.0,Grunwald,0.0
551,618904.0,70.33,3.0,Grunwald,2.0
552,401978.0,43.34,2.0,Stare Miasto,1.0
553,479693.0,54.05,3.0,Stare Miasto,1.0
554,605010.0,70.35,3.0,Grunwald,1.0
555,549300.0,65.4,4.0,Jeżyce,0.0
556,465000.0,55.89,3.0,Grunwald,3.0
557,568154.0,59.26,2.0,Nowe Miasto,5.0
558,632709.0,76.23,3.0,Grunwald,0.0
559,483988.0,55.51,3.0,Nowe Miasto,3.0
560,529000.0,49.0,2.0,Stare Miasto,3.0
561,319000.0,25.17,1.0,Nowe Miasto,3.0
562,355286.0,38.08,2.0,Grunwald,1.0
563,407885.0,42.05,2.0,Nowe Miasto,2.0
564,427000.0,46.43,2.0,Grunwald,1.0
565,432900.0,48.1,2.0,Nowe Miasto,0.0
566,384960.0,40.1,2.0,Nowe Miasto,0.0
567,434210.0,50.05,2.0,Stare Miasto,0.0
568,493876.0,60.74,4.0,Stare Miasto,2.0
569,387277.0,37.06,2.0,Nowe Miasto,2.0
570,471125.0,37.69,2.0,Wilda,2.0
571,509900.0,50.99,2.0,Grunwald,3.0
572,391600.0,45.54,2.0,Nowe Miasto,0.0
573,322981.0,43.07,2.0,Wilda,3.0
574,344000.0,48.0,2.0,wielkopolskie,0.0
575,399570.0,42.06,2.0,wielkopolskie,2.0
576,508000.0,53.0,2.0,Nowe Miasto,2.0
577,484119.0,56.49,3.0,Stare Miasto,4.0
578,516473.0,58.26,4.0,Nowe Miasto,2.0
579,355700.0,41.0,2.0,Stare Miasto,2.0
580,316200.0,35.0,2.0,Stare Miasto,0.0
581,694000.0,91.0,4.0,Stare Miasto,1.0
582,343160.0,37.3,2.0,Nowe Miasto,0.0
583,392268.0,40.44,2.0,Nowe Miasto,2.0
584,415000.0,43.0,2.0,Grunwald,3.0
585,481430.0,57.32,2.0,Stare Miasto,2.0
586,677800.0,71.35,4.0,Nowe Miasto,0.0
587,659334.0,83.46,4.0,Jeżyce,3.0
588,561000.0,66.36,3.0,Grunwald,1.0
589,392268.0,40.44,2.0,Nowe Miasto,1.0
590,561100.0,64.68,3.0,Nowe Miasto,1.0
591,359300.0,30.21,2.0,Nowe Miasto,1.0
592,422800.0,39.07,2.0,Nowe Miasto,1.0
593,514291.0,56.64,3.0,Grunwald,4.0
594,415466.0,47.92,3.0,Grunwald,2.0
595,324923.0,41.8,2.0,Stare Miasto,1.0
596,427182.0,39.51,2.0,Jeżyce,1.0
597,345667.0,32.23,2.0,Stare Miasto,1.0
598,406164.0,42.33,2.0,Grunwald,1.0
599,377454.0,36.12,2.0,Nowe Miasto,1.0
600,490800.0,49.08,2.0,Grunwald,1.0
601,357200.0,40.14,2.0,Nowe Miasto,0.0
602,238093.0,31.75,1.0,Wilda,3.0
603,698000.0,76.0,4.0,wielkopolskie,0.0
604,550068.0,59.79,3.0,Stare Miasto,1.0
605,261870.0,28.13,1.0,Grunwald,1.0
606,365998.0,37.66,2.0,Nowe Miasto,2.0
607,396100.0,45.54,2.0,Nowe Miasto,1.0
608,697000.0,63.38,4.0,Stare Miasto,3.0
609,565000.0,61.4,3.0,Nowe Miasto,0.0
610,375000.0,32.5,2.0,Nowe Miasto,1.0
611,539000.0,65.11,3.0,Grunwald,1.0
612,646200.0,81.8,3.0,Jeżyce,1.0
613,479000.0,50.67,3.0,Nowe Miasto,5.0
614,315000.0,30.15,1.0,Jeżyce,4.0
615,367700.0,30.21,2.0,Nowe Miasto,2.0
616,351871.0,40.0,2.0,Stare Miasto,3.0
617,292500.0,31.75,2.0,Nowe Miasto,1.0
618,288600.0,27.6,1.0,Jeżyce,1.0
619,519988.0,53.06,2.0,Grunwald,1.0
620,683100.0,59.4,3.0,Wilda,4.0
621,437941.0,58.4,3.0,Wilda,3.0
622,517684.0,56.27,3.0,Stare Miasto,1.0
623,482205.0,52.7,3.0,Wilda,2.0
624,569000.0,82.8,4.0,Grunwald,1.0
625,345123.0,37.19,2.0,Grunwald,1.0
626,351226.0,36.12,2.0,Nowe Miasto,2.0
627,306628.0,28.59,1.0,Stare Miasto,0.0
628,304542.0,21.53,1.0,Stare Miasto,1.0
629,353559.0,36.38,2.0,Nowe Miasto,2.0
630,496900.0,57.78,3.0,Nowe Miasto,1.0
631,427000.0,46.43,2.0,Grunwald,1.0
632,368700.0,43.9,2.0,Jeżyce,2.0
633,262568.0,27.01,2.0,Stare Miasto,0.0
634,466235.0,53.9,3.0,Nowe Miasto,0.0
635,616740.0,64.92,3.0,Stare Miasto,5.0
636,616740.0,64.92,3.0,Stare Miasto,4.0
637,616740.0,64.92,3.0,Stare Miasto,3.0
638,616740.0,64.92,3.0,Stare Miasto,2.0
639,616740.0,64.92,3.0,Stare Miasto,1.0
640,298620.0,28.44,1.0,Stare Miasto,5.0
641,298620.0,28.44,1.0,Stare Miasto,4.0
642,298620.0,28.44,1.0,Stare Miasto,3.0
643,298620.0,28.44,1.0,Stare Miasto,2.0
644,298620.0,28.44,1.0,Stare Miasto,1.0
645,465936.0,45.68,3.0,Stare Miasto,5.0
646,465936.0,45.68,3.0,Stare Miasto,4.0
647,465936.0,45.68,3.0,Stare Miasto,3.0
648,465936.0,45.68,3.0,Stare Miasto,2.0
649,465936.0,45.68,3.0,Stare Miasto,1.0
650,291270.0,27.74,1.0,Stare Miasto,2.0
651,291270.0,27.74,1.0,Stare Miasto,1.0
652,505100.0,50.51,2.0,Stare Miasto,5.0
653,505100.0,50.51,2.0,Stare Miasto,4.0
654,505100.0,50.51,2.0,Stare Miasto,3.0
655,505100.0,50.51,2.0,Stare Miasto,2.0
656,505100.0,50.51,2.0,Stare Miasto,1.0
657,629724.0,64.92,3.0,Stare Miasto,6.0
658,304308.0,28.44,1.0,Stare Miasto,6.0
659,475072.0,45.68,3.0,Stare Miasto,6.0
660,296818.0,27.74,1.0,Stare Miasto,6.0
661,515202.0,50.51,2.0,Stare Miasto,6.0
662,481848.0,47.24,2.0,Stare Miasto,6.0
663,472400.0,47.24,2.0,Stare Miasto,5.0
664,472400.0,47.24,2.0,Stare Miasto,3.0
665,472400.0,47.24,2.0,Stare Miasto,4.0
666,472400.0,47.24,2.0,Stare Miasto,2.0
667,472400.0,47.24,2.0,Stare Miasto,1.0
668,497862.0,48.81,2.0,Stare Miasto,6.0
669,488100.0,48.81,2.0,Stare Miasto,5.0
670,488100.0,48.81,2.0,Stare Miasto,4.0
671,488100.0,48.81,2.0,Stare Miasto,3.0
672,488100.0,48.81,2.0,Stare Miasto,2.0
673,488100.0,48.81,2.0,Stare Miasto,1.0
674,650200.0,65.02,3.0,Stare Miasto,0.0
675,312840.0,28.44,1.0,Stare Miasto,0.0
676,291270.0,27.74,1.0,Stare Miasto,0.0
677,488776.0,45.68,3.0,Stare Miasto,0.0
678,496020.0,47.24,2.0,Stare Miasto,0.0
679,512505.0,48.81,2.0,Stare Miasto,0.0
680,296520.0,28.24,1.0,Stare Miasto,1.0
681,310640.0,28.24,1.0,Stare Miasto,0.0
682,483315.0,46.03,2.0,Stare Miasto,3.0
683,483315.0,46.03,2.0,Stare Miasto,1.0
684,381404.0,39.32,1.0,Stare Miasto,6.0
685,373540.0,39.32,1.0,Stare Miasto,5.0
686,373540.0,39.32,1.0,Stare Miasto,4.0
687,297584.0,26.57,1.0,Jeżyce,5.0
688,619472.0,55.31,3.0,Jeżyce,5.0
689,614880.0,54.9,3.0,Jeżyce,5.0
690,594050.0,54.5,3.0,Jeżyce,4.0
691,291276.0,26.97,1.0,Jeżyce,4.0
692,582816.0,56.04,3.0,Jeżyce,4.0
693,510284.0,48.14,2.0,Jeżyce,4.0
694,481452.0,45.42,2.0,Jeżyce,4.0
695,384480.0,35.6,2.0,Jeżyce,4.0
696,690540.0,67.7,3.0,Jeżyce,4.0
697,668824.0,64.31,3.0,Jeżyce,4.0
698,285120.0,26.4,1.0,Jeżyce,4.0
699,660712.0,63.53,3.0,Jeżyce,4.0
700,373540.0,39.32,1.0,Stare Miasto,3.0
701,487388.0,45.98,2.0,Jeżyce,4.0
702,658840.0,63.35,3.0,Jeżyce,4.0
703,559362.0,52.77,2.0,Jeżyce,4.0
704,286956.0,26.57,1.0,Jeżyce,4.0
705,373540.0,39.32,1.0,Stare Miasto,2.0
706,509950.0,47.0,2.0,Jeżyce,4.0
707,494340.0,44.94,2.0,Jeżyce,4.0
708,285882.0,26.97,1.0,Jeżyce,3.0
709,571608.0,56.04,3.0,Jeżyce,3.0
710,500656.0,48.14,2.0,Jeżyce,3.0
711,463284.0,45.42,2.0,Jeżyce,3.0
712,377254.0,35.59,2.0,Jeżyce,3.0
713,677000.0,67.7,3.0,Jeżyce,3.0
714,643100.0,64.31,3.0,Jeżyce,3.0
715,279840.0,26.4,1.0,Jeżyce,3.0
716,635800.0,63.58,3.0,Jeżyce,3.0
717,646272.0,63.36,3.0,Jeżyce,3.0
718,543531.0,52.77,2.0,Jeżyce,3.0
719,281642.0,26.57,1.0,Jeżyce,3.0
720,683298.0,67.32,3.0,Jeżyce,3.0
721,476576.0,44.96,2.0,Jeżyce,3.0
722,484203.0,47.01,2.0,Jeżyce,3.0
723,496872.0,48.24,2.0,Jeżyce,3.0
724,277791.0,26.97,1.0,Jeżyce,2.0
725,557598.0,56.04,3.0,Jeżyce,2.0
726,373540.0,39.32,1.0,Stare Miasto,1.0
727,488621.0,48.14,2.0,Jeżyce,2.0
728,454200.0,45.42,2.0,Jeżyce,2.0
729,367092.0,35.64,2.0,Jeżyce,2.0
730,663558.0,67.71,3.0,Jeżyce,2.0
731,639188.0,64.24,3.0,Jeżyce,2.0
732,271920.0,26.4,1.0,Jeżyce,2.0
733,630432.0,63.36,3.0,Jeżyce,2.0
734,530037.0,52.74,2.0,Jeżyce,2.0
735,276328.0,26.57,1.0,Jeżyce,2.0
736,467480.0,44.95,2.0,Jeżyce,2.0
737,692900.0,69.29,3.0,Jeżyce,2.0
738,550551.0,54.51,3.0,Jeżyce,1.0
739,275094.0,26.97,1.0,Jeżyce,1.0
740,546390.0,56.04,3.0,Jeżyce,1.0
741,453600.0,45.36,2.0,Jeżyce,1.0
742,362814.0,35.57,2.0,Jeżyce,1.0
743,656496.0,67.68,3.0,Jeżyce,1.0
744,269280.0,26.4,1.0,Jeżyce,1.0
745,457103.0,45.94,2.0,Jeżyce,1.0
746,617760.0,63.36,3.0,Jeżyce,1.0
747,519686.0,52.76,2.0,Jeżyce,1.0
748,271014.0,26.57,1.0,Jeżyce,1.0
749,655395.0,67.22,3.0,Jeżyce,1.0
750,453692.0,44.92,2.0,Jeżyce,1.0
751,467252.0,46.96,2.0,Jeżyce,1.0
752,692468.0,70.66,3.0,Jeżyce,1.0
753,675480.0,69.28,3.0,Jeżyce,1.0
754,279968.0,26.92,1.0,Jeżyce,0.0
755,560300.0,56.03,3.0,Jeżyce,0.0
756,576500.0,57.65,3.0,Jeżyce,0.0
757,633300.0,63.33,3.0,Jeżyce,0.0
758,393200.0,39.32,1.0,Stare Miasto,0.0
759,561100.0,67.67,3.0,Nowe Miasto,1.0
760,395270.0,42.05,2.0,Nowe Miasto,2.0
761,379865.0,37.06,2.0,Nowe Miasto,1.0
762,311000.0,31.5,2.0,wielkopolskie,1.0
763,318000.0,35.4,2.0,Stare Miasto,1.0
764,615200.0,71.87,4.0,Nowe Miasto,1.0
765,537900.0,60.17,3.0,Nowe Miasto,1.0
766,524520.0,55.8,3.0,Nowe Miasto,3.0
767,391040.0,41.6,2.0,Nowe Miasto,1.0
768,404200.0,43.0,2.0,Nowe Miasto,1.0
769,370360.0,39.4,2.0,Nowe Miasto,1.0
770,682700.0,71.12,4.0,Nowe Miasto,1.0
771,537464.0,58.42,3.0,Stare Miasto,6.0
772,355740.0,33.88,1.0,Wilda,2.0
773,498256.0,41.49,2.0,Stare Miasto,1.0
774,415534.0,41.24,2.0,Nowe Miasto,0.0
775,415534.0,41.24,2.0,Nowe Miasto,0.0
776,299117.0,32.87,1.0,Nowe Miasto,1.0
777,304697.0,31.49,1.0,Nowe Miasto,0.0
778,674000.0,86.0,4.0,Jeżyce,1.0
779,698000.0,76.0,4.0,wielkopolskie,0.0
780,494408.0,53.74,3.0,Stare Miasto,5.0
781,619696.0,70.42,4.0,Wilda,2.0
782,556506.0,64.71,3.0,Jeżyce,1.0
783,608000.0,67.57,3.0,Nowe Miasto,1.0
784,340611.0,36.12,2.0,Nowe Miasto,1.0
785,430125.0,47.37,3.0,Nowe Miasto,2.0
786,698000.0,91.0,4.0,wielkopolskie,0.0
787,313500.0,25.01,1.0,Nowe Miasto,0.0
788,355701.0,40.44,2.0,Nowe Miasto,3.0
789,352514.0,40.99,2.0,Stare Miasto,0.0
790,363578.0,37.29,2.0,Stare Miasto,1.0
791,347000.0,35.59,2.0,Stare Miasto,0.0
792,381017.0,41.04,2.0,Stare Miasto,1.0
793,466595.0,47.36,3.0,Nowe Miasto,6.0
794,583290.0,64.81,3.0,Stare Miasto,2.0
795,482326.0,57.08,3.0,Jeżyce,1.0
796,359300.0,30.21,2.0,Nowe Miasto,1.0
797,304800.0,25.17,1.0,Nowe Miasto,1.0
798,315096.0,34.75,2.0,Stare Miasto,0.0
799,344504.0,36.14,2.0,Nowe Miasto,2.0
800,436000.0,46.39,2.0,Grunwald,1.0
801,399165.0,44.85,3.0,Stare Miasto,1.0
802,636900.0,74.56,4.0,Nowe Miasto,0.0
803,466595.0,47.37,3.0,Nowe Miasto,6.0
804,570500.0,56.93,3.0,Nowe Miasto,3.0
805,475834.0,44.89,2.0,Wilda,4.0
806,466856.0,44.89,2.0,Wilda,3.0
807,471138.0,46.19,2.0,Wilda,2.0
808,357200.0,40.14,2.0,Nowe Miasto,0.0
809,466594.0,47.37,3.0,Nowe Miasto,6.0
810,503200.0,63.7,3.0,Jeżyce,1.0
811,545328.0,64.92,3.0,Jeżyce,1.0
812,418800.0,36.0,2.0,Nowe Miasto,2.0
813,449000.0,46.6,3.0,Jeżyce,0.0
814,432800.0,39.07,2.0,Nowe Miasto,2.0
815,355521.0,40.4,2.0,Nowe Miasto,0.0
816,359000.0,34.0,2.0,Grunwald,3.0
817,666043.0,73.0,3.0,Grunwald,1.0
818,513360.0,55.8,3.0,Nowe Miasto,2.0
819,292100.0,31.75,1.0,Nowe Miasto,2.0
820,490820.0,53.35,3.0,Stare Miasto,3.0
821,525768.0,57.65,4.0,Nowe Miasto,8.0
822,597000.0,74.28,3.0,Grunwald,2.0
823,551000.0,67.41,3.0,Grunwald,2.0
824,698000.0,91.0,4.0,Stare Miasto,1.0
825,327000.0,32.9,1.0,Grunwald,1.0
826,466500.0,37.32,2.0,Wilda,4.0
827,536200.0,65.4,3.0,Jeżyce,2.0
828,509454.0,61.38,3.0,Jeżyce,1.0
829,454212.0,48.84,3.0,Nowe Miasto,1.0
830,315000.0,32.2,1.0,Grunwald,3.0
831,359300.0,30.21,2.0,Nowe Miasto,1.0
832,529860.0,57.65,4.0,Nowe Miasto,7.0
833,605000.0,74.28,3.0,Grunwald,3.0
834,304697.0,31.49,1.0,Nowe Miasto,0.0
835,462000.0,49.13,3.0,Nowe Miasto,3.0
836,485604.0,51.66,3.0,Grunwald,6.0
837,536728.0,58.34,2.0,Grunwald,0.0
838,474936.0,53.97,3.0,Grunwald,2.0
839,496951.0,54.61,2.0,Grunwald,3.0
840,337463.0,34.79,1.0,Grunwald,5.0
841,340942.0,34.79,1.0,Grunwald,7.0
842,487900.0,59.5,3.0,Jeżyce,2.0
843,699000.0,76.0,4.0,Stare Miasto,1.0
844,302279.0,21.37,1.0,Stare Miasto,1.0
845,572750.0,45.82,2.0,Wilda,4.0
846,368700.0,43.9,2.0,Jeżyce,2.0
847,489915.0,57.3,3.0,Jeżyce,2.0
848,499545.0,58.77,3.0,Grunwald,2.0
849,318000.0,35.4,2.0,Stare Miasto,1.0
850,345380.0,37.29,2.0,Stare Miasto,0.0
851,433933.0,47.37,3.0,Nowe Miasto,6.0
852,543812.0,59.11,3.0,Stare Miasto,0.0
853,491040.0,55.8,3.0,Nowe Miasto,0.0
854,355700.0,40.4,2.0,Nowe Miasto,2.0
855,401450.0,43.4,2.0,Grunwald,0.0
856,592913.0,76.21,4.0,Stare Miasto,0.0
857,495431.0,57.81,3.0,Stare Miasto,4.0
858,561126.0,74.42,4.0,Stare Miasto,1.0
859,380136.0,40.44,2.0,Nowe Miasto,1.0
860,377553.0,40.38,2.0,Nowe Miasto,0.0
861,656909.0,73.81,4.0,Jeżyce,5.0
862,360261.0,36.39,1.0,Jeżyce,5.0
863,409200.0,51.8,2.0,Jeżyce,1.0
864,516096.0,61.44,3.0,Jeżyce,2.0
865,678385.0,58.99,3.0,Wilda,0.0
866,471960.0,49.68,3.0,Jeżyce,0.0
867,505524.0,49.08,2.0,Grunwald,2.0
868,545292.0,53.46,2.0,Grunwald,2.0
869,594875.0,47.59,2.0,Wilda,4.0
870,605625.0,48.45,2.0,Wilda,4.0
871,354491.0,37.29,2.0,Stare Miasto,0.0
872,413820.0,43.56,2.0,Wilda,1.0
873,684000.0,76.61,4.0,Nowe Miasto,1.0
874,554000.0,60.65,3.0,Nowe Miasto,0.0
875,466595.0,47.37,3.0,Nowe Miasto,6.0
876,349000.0,34.0,2.0,Grunwald,0.0
877,503600.0,60.2,4.0,Stare Miasto,0.0
878,381735.0,42.06,2.0,Nowe Miasto,1.0
879,565000.0,61.4,3.0,Nowe Miasto,0.0
880,579330.0,64.37,3.0,Nowe Miasto,4.0
881,527253.0,58.3,3.0,Nowe Miasto,0.0
882,566130.0,67.3,4.0,Nowe Miasto,2.0
883,465545.0,64.75,3.0,Stare Miasto,0.0
884,311000.0,31.5,2.0,wielkopolskie,1.0
885,284000.0,27.6,1.0,Jeżyce,1.0
886,292500.0,31.75,2.0,Nowe Miasto,1.0
887,351871.0,40.0,2.0,Stare Miasto,3.0
888,518245.0,60.97,3.0,Grunwald,3.0
889,323037.0,32.63,1.0,Jeżyce,0.0
890,490900.0,52.2,2.0,Nowe Miasto,2.0
891,184500.0,19.77,1.0,Nowe Miasto,4.0
892,696000.0,91.0,4.0,Stare Miasto,1.0
893,355725.0,40.44,2.0,Nowe Miasto,1.0
894,184500.0,19.96,1.0,Nowe Miasto,2.0
895,689540.0,59.96,3.0,Wilda,4.0
896,517250.0,41.38,2.0,Wilda,4.0
897,439838.0,49.42,2.0,Jeżyce,4.0
898,499545.0,58.77,3.0,Grunwald,3.0
899,470125.0,37.61,2.0,Wilda,0.0
900,531944.0,57.82,3.0,Jeżyce,0.0
901,539500.0,39.84,2.0,Nowe Miasto,4.0
902,455800.0,48.97,2.0,Nowe Miasto,2.0
903,504000.0,57.65,3.0,Nowe Miasto,7.0
904,430125.0,47.37,3.0,Nowe Miasto,2.0
905,340611.0,36.12,2.0,Nowe Miasto,1.0
906,517625.0,41.41,2.0,Wilda,4.0
907,499702.0,50.99,2.0,Grunwald,1.0
908,550638.0,53.46,2.0,Grunwald,3.0
909,482035.0,56.71,3.0,Grunwald,3.0
910,564625.0,45.17,2.0,Wilda,0.0
911,366597.0,37.03,2.0,Jeżyce,0.0
912,459096.0,48.84,3.0,Nowe Miasto,2.0
913,371624.0,36.08,2.0,Nowe Miasto,0.0
914,338813.0,34.75,2.0,Stare Miasto,0.0
915,588640.0,36.79,1.0,Grunwald,1.0
916,634100.0,37.3,1.0,Grunwald,2.0
917,568695.0,61.15,2.0,Stare Miasto,4.0
918,380136.0,40.44,2.0,Nowe Miasto,1.0
919,543800.0,57.71,3.0,Nowe Miasto,0.0
920,367700.0,30.21,2.0,Nowe Miasto,2.0
921,487900.0,59.5,3.0,Jeżyce,2.0
922,577708.0,66.24,4.0,Stare Miasto,2.0
923,482346.0,54.05,3.0,Stare Miasto,1.0
924,258000.0,27.0,1.0,Stare Miasto,0.0
925,388590.0,40.69,2.0,Stare Miasto,2.0
926,354000.0,40.5,2.0,Nowe Miasto,1.0
927,599000.0,83.0,4.0,Grunwald,1.0
928,641240.0,55.76,2.0,Wilda,0.0
929,544732.0,59.21,3.0,Jeżyce,0.0
930,360712.0,40.99,2.0,Stare Miasto,0.0
931,695000.0,91.0,4.0,Jeżyce,1.0
932,566977.0,66.9,3.0,Nowe Miasto,3.0
933,319000.0,25.17,1.0,Nowe Miasto,3.0
934,313500.0,25.01,1.0,Nowe Miasto,0.0
935,424900.0,51.2,2.0,Jeżyce,0.0
936,389000.0,35.19,2.0,Stare Miasto,1.0
937,381969.0,40.42,2.0,Nowe Miasto,3.0
938,454212.0,48.84,3.0,Nowe Miasto,1.0
939,552513.0,59.41,4.0,Nowe Miasto,7.0
940,534600.0,53.46,2.0,Grunwald,1.0
941,687585.0,59.79,3.0,Wilda,4.0
942,515936.0,56.08,3.0,Jeżyce,0.0
943,616980.0,72.8,4.0,Nowe Miasto,2.0
944,360712.0,40.99,2.0,Stare Miasto,0.0
945,343930.0,36.12,2.0,Nowe Miasto,1.0
946,344745.0,32.6,2.0,Stare Miasto,2.0
947,376533.0,36.38,2.0,Nowe Miasto,1.0
948,344600.0,25.44,1.0,Nowe Miasto,5.0
949,377553.0,40.38,2.0,Nowe Miasto,0.0
950,370230.0,36.12,2.0,Nowe Miasto,1.0
951,503200.0,63.7,3.0,Jeżyce,1.0
952,350500.0,40.29,2.0,Nowe Miasto,0.0
953,278878.0,27.01,1.0,Stare Miasto,0.0
954,317626.0,32.87,2.0,Stare Miasto,3.0
955,370000.0,50.98,4.0,Nowe Miasto,3.0
956,480000.0,40.0,2.0,Wilda,2.0
957,388224.0,40.44,2.0,Nowe Miasto,5.0
958,493625.0,39.49,1.0,Wilda,0.0
959,366597.0,37.03,2.0,Jeżyce,0.0
960,403005.0,40.1,2.0,Nowe Miasto,0.0
961,360712.0,40.99,2.0,Stare Miasto,0.0
962,439000.0,42.25,2.0,Jeżyce,1.0
963,461000.0,76.5,4.0,Nowe Miasto,1.0
964,498400.0,57.96,3.0,Nowe Miasto,0.0
965,496900.0,57.78,3.0,Nowe Miasto,1.0
966,368700.0,43.9,2.0,Jeżyce,2.0
967,646200.0,81.8,3.0,Jeżyce,1.0
968,629000.0,66.93,3.0,Grunwald,1.0
969,549300.0,65.4,4.0,Jeżyce,0.0
970,677000.0,86.0,4.0,Stare Miasto,1.0
971,599000.0,83.0,4.0,Grunwald,0.0
972,594875.0,47.59,2.0,Wilda,0.0
973,531944.0,57.82,3.0,Jeżyce,0.0
974,537680.0,57.2,3.0,Nowe Miasto,3.0
975,408030.0,40.6,2.0,Nowe Miasto,0.0
976,360712.0,40.99,2.0,Stare Miasto,0.0
977,417375.0,33.39,2.0,Wilda,6.0
978,385578.0,41.46,2.0,Nowe Miasto,5.0
979,384800.0,41.6,2.0,Nowe Miasto,1.0
980,507020.0,60.62,4.0,Stare Miasto,0.0
981,442522.0,41.96,2.0,Stare Miasto,0.0
982,435891.0,39.99,2.0,Wilda,5.0
983,342408.0,38.91,2.0,Stare Miasto,0.0
984,376150.0,40.23,2.0,Nowe Miasto,0.0
985,410040.0,40.8,2.0,Nowe Miasto,2.0
986,352514.0,40.99,2.0,Stare Miasto,0.0
987,699000.0,91.0,4.0,wielkopolskie,0.0
988,699000.0,86.0,4.0,wielkopolskie,0.0
989,685975.0,59.65,3.0,Wilda,0.0
990,566130.0,66.8,4.0,Nowe Miasto,4.0
991,352514.0,40.99,2.0,Stare Miasto,0.0
992,499861.0,57.65,4.0,Nowe Miasto,7.0
993,479000.0,65.39,3.0,Grunwald,1.0
994,351411.0,40.42,2.0,Nowe Miasto,3.0
995,343064.0,36.38,1.0,Nowe Miasto,2.0
996,338574.0,36.08,2.0,Nowe Miasto,0.0
997,352514.0,40.99,2.0,Stare Miasto,0.0
998,150000.0,19.96,1.0,Nowe Miasto,0.0
999,525136.0,57.08,3.0,Jeżyce,5.0
1000,525136.0,57.08,3.0,Jeżyce,5.0
1001,375507.0,37.93,1.0,Jeżyce,5.0
1002,524032.0,56.96,3.0,Jeżyce,5.0
1003,379000.0,36.43,2.0,Nowe Miasto,0.0
1004,293000.0,29.3,1.0,Jeżyce,4.0
1005,508944.0,55.32,3.0,Jeżyce,4.0
1006,360261.0,36.39,2.0,Jeżyce,4.0
1007,620330.0,69.7,3.0,Jeżyce,4.0
1008,619885.0,69.65,3.0,Jeżyce,4.0
1009,375408.0,37.92,1.0,Jeżyce,4.0
1010,627272.0,70.48,3.0,Jeżyce,4.0
1011,293000.0,29.3,1.0,Jeżyce,3.0
1012,508944.0,55.32,3.0,Jeżyce,3.0
1013,360261.0,36.39,2.0,Jeżyce,3.0
1014,620330.0,69.7,3.0,Jeżyce,3.0
1015,619885.0,69.65,3.0,Jeżyce,3.0
1016,375408.0,37.92,1.0,Jeżyce,3.0
1017,627272.0,70.48,3.0,Jeżyce,3.0
1018,293000.0,29.3,1.0,Jeżyce,2.0
1019,508944.0,55.32,3.0,Jeżyce,2.0
1020,360261.0,36.39,2.0,Jeżyce,2.0
1021,620330.0,69.7,3.0,Jeżyce,2.0
1022,644574.0,67.85,3.0,Nowe Miasto,3.0
1023,619885.0,69.65,3.0,Jeżyce,2.0
1024,375408.0,37.92,1.0,Jeżyce,2.0
1025,627272.0,70.48,3.0,Jeżyce,2.0
1026,604755.0,67.95,3.0,Jeżyce,2.0
1027,471960.0,49.68,3.0,Jeżyce,2.0
1028,323037.0,32.63,1.0,Jeżyce,2.0
1029,641514.0,52.87,2.0,Stare Miasto,1.0
1030,531944.0,57.82,3.0,Jeżyce,2.0
1031,366795.0,37.05,2.0,Jeżyce,2.0
1032,544732.0,59.21,3.0,Jeżyce,2.0
1033,516488.0,56.14,3.0,Jeżyce,2.0
1034,366399.0,37.01,2.0,Jeżyce,2.0
1035,531852.0,57.81,3.0,Jeżyce,2.0
1036,293000.0,29.3,1.0,Jeżyce,1.0
1037,508300.0,55.25,3.0,Jeżyce,1.0
1038,360261.0,36.39,2.0,Jeżyce,1.0
1039,375408.0,37.92,1.0,Jeżyce,1.0
1040,620330.0,69.7,3.0,Jeżyce,1.0
1041,619885.0,69.65,3.0,Jeżyce,1.0
1042,627272.0,70.48,3.0,Jeżyce,1.0
1043,604755.0,67.95,3.0,Jeżyce,1.0
1044,471960.0,49.68,3.0,Jeżyce,1.0
1045,323037.0,32.63,1.0,Jeżyce,1.0
1046,366795.0,37.05,2.0,Jeżyce,1.0
1047,544000.0,58.84,3.0,Nowe Miasto,2.0
1048,499900.0,65.29,2.0,Grunwald,3.0
1049,426455.0,44.89,2.0,Wilda,2.0
1050,671464.0,91.53,4.0,Stare Miasto,4.0
1051,684000.0,76.27,4.0,Nowe Miasto,1.0
1052,653000.0,68.53,3.0,Nowe Miasto,5.0
1053,531944.0,57.82,3.0,Jeżyce,1.0
1054,516488.0,56.14,3.0,Jeżyce,1.0
1055,544732.0,59.21,3.0,Jeżyce,1.0
1056,366597.0,37.03,2.0,Jeżyce,1.0
1057,532036.0,57.83,3.0,Jeżyce,1.0
1058,292900.0,29.29,1.0,Jeżyce,0.0
1059,508116.0,55.23,3.0,Jeżyce,0.0
1060,360261.0,36.39,2.0,Jeżyce,0.0
1061,619885.0,69.65,3.0,Jeżyce,0.0
1062,619885.0,69.65,3.0,Jeżyce,0.0
1063,375408.0,37.92,1.0,Jeżyce,0.0
1064,478332.0,46.44,2.0,Wilda,3.0
1065,482976.0,46.44,2.0,Wilda,4.0
1066,433810.0,46.15,2.0,Wilda,1.0
1067,463424.0,44.56,2.0,Wilda,2.0
1068,355725.0,40.44,2.0,Nowe Miasto,1.0
1069,635500.0,55.41,3.0,Stare Miasto,1.0
1070,409035.0,40.7,2.0,Nowe Miasto,0.0
1071,468762.0,48.5,2.0,Grunwald,2.0
1072,466395.0,54.87,2.0,Jeżyce,3.0
1073,521265.0,54.87,3.0,Jeżyce,0.0
1074,340061.0,36.12,2.0,Nowe Miasto,2.0
1075,610900.0,69.81,3.0,Jeżyce,2.0
1076,397800.0,39.64,2.0,Jeżyce,1.0
1077,423900.0,39.25,2.0,Jeżyce,3.0
1078,676678.0,83.6,4.0,Stare Miasto,1.0
1079,698000.0,91.0,4.0,wielkopolskie,1.0
1080,510432.0,49.08,2.0,Grunwald,3.0
1081,362000.0,48.0,3.0,wielkopolskie,3.0
1082,558000.0,69.7,3.0,wielkopolskie,3.0
1083,699000.0,77.0,4.0,Jeżyce,1.0
1084,539994.0,59.41,4.0,Nowe Miasto,8.0
1085,421800.0,42.18,2.0,Grunwald,1.0
1086,383502.0,40.69,2.0,Stare Miasto,2.0
1087,394880.0,43.58,2.0,Nowe Miasto,1.0
1088,496900.0,57.78,3.0,Nowe Miasto,1.0
1089,424900.0,51.2,2.0,Jeżyce,0.0
1090,430236.0,42.18,2.0,Grunwald,2.0
1091,551000.0,67.41,3.0,Grunwald,2.0
1092,499000.0,70.0,2.0,Grunwald,3.0
1093,465000.0,57.0,2.0,Grunwald,3.0
1094,495000.0,62.0,2.0,Grunwald,3.0
1095,289000.0,25.43,1.0,Grunwald,0.0
1096,498400.0,57.96,3.0,Nowe Miasto,0.0
1097,466395.0,54.87,3.0,Jeżyce,3.0
1098,434454.0,42.18,2.0,Grunwald,3.0
1099,508916.0,54.14,3.0,Stare Miasto,1.0
1100,482868.0,47.34,2.0,Wilda,4.0
1101,537285.0,41.65,2.0,Nowe Miasto,5.0
1102,646200.0,81.8,3.0,Jeżyce,1.0
1103,485610.0,46.38,2.0,Wilda,1.0
1104,352600.0,41.0,2.0,Stare Miasto,0.0
1105,537027.0,58.26,4.0,Nowe Miasto,4.0
1106,420028.0,42.86,2.0,Grunwald,1.0
1107,475100.0,55.25,3.0,Nowe Miasto,0.0
1108,354000.0,34.11,2.0,Grunwald,7.0
1109,424314.0,42.86,2.0,Grunwald,2.0
1110,498400.0,57.96,3.0,Nowe Miasto,0.0
1111,428600.0,42.86,2.0,Grunwald,3.0
1112,350500.0,40.29,2.0,Nowe Miasto,0.0
1113,534888.0,58.14,3.0,Stare Miasto,1.0
1114,352514.0,40.99,2.0,wielkopolskie,0.0
1115,677800.0,71.35,4.0,Nowe Miasto,0.0
1116,583200.0,64.8,3.0,Stare Miasto,0.0
1117,499700.0,52.6,2.0,Stare Miasto,0.0
1118,498400.0,57.96,3.0,Nowe Miasto,0.0
1119,368700.0,43.9,2.0,Jeżyce,2.0
1120,487900.0,59.5,3.0,Jeżyce,2.0
1121,449700.0,44.73,2.0,Wilda,3.0
1122,546470.0,32.91,1.0,Stare Miasto,1.0
1123,448043.0,46.19,2.0,Wilda,2.0
1124,341066.0,20.54,1.0,Stare Miasto,4.0
1125,345224.0,21.59,1.0,Stare Miasto,1.0
1126,540000.0,60.0,3.0,Stare Miasto,3.0
1127,599000.0,83.0,4.0,Grunwald,1.0
1128,388032.0,40.42,2.0,Nowe Miasto,8.0
1129,454000.0,45.4,2.0,Grunwald,0.0
1130,463000.0,47.63,2.0,Grunwald,0.0
1131,339900.0,41.41,2.0,Stare Miasto,0.0
1132,328768.0,37.36,2.0,wielkopolskie,5.0
1133,424900.0,51.2,2.0,Jeżyce,0.0
1134,424900.0,51.2,2.0,Jeżyce,0.0
1135,350500.0,40.29,2.0,Nowe Miasto,0.0
1136,677800.0,71.35,4.0,Nowe Miasto,0.0
1137,566375.0,45.31,2.0,Wilda,3.0
1138,699000.0,91.0,4.0,wielkopolskie,0.0
1139,541170.0,60.13,3.0,Stare Miasto,1.0
1140,543812.0,59.11,3.0,Stare Miasto,1.0
1141,569448.0,64.71,3.0,Jeżyce,2.0
1142,676660.0,58.84,3.0,Wilda,0.0
1143,482035.0,56.71,3.0,Grunwald,0.0
1144,382580.0,40.7,2.0,Nowe Miasto,1.0
1145,510255.0,60.03,3.0,Grunwald,1.0
1146,639975.0,55.65,2.0,Wilda,0.0
1147,408000.0,37.36,2.0,Jeżyce,3.0
1148,347600.0,29.83,1.0,Wilda,1.0
1149,498400.0,57.96,3.0,Nowe Miasto,0.0
1150,368700.0,43.9,2.0,Jeżyce,2.0
1151,289831.0,26.59,1.0,Nowe Miasto,5.0
1152,603875.0,48.31,2.0,Wilda,0.0
1153,464000.0,55.89,3.0,Grunwald,2.0
1154,350500.0,40.29,2.0,Nowe Miasto,0.0
1155,503200.0,63.7,3.0,Jeżyce,1.0
1156,603292.0,64.18,3.0,Wilda,4.0
1157,495295.0,58.27,3.0,Grunwald,3.0
1158,687010.0,59.74,3.0,Wilda,0.0
1159,487900.0,59.5,3.0,Jeżyce,2.0
1160,495295.0,58.27,3.0,Grunwald,2.0
1161,676660.0,58.84,3.0,Wilda,0.0
1162,469000.0,55.05,4.0,Nowe Miasto,0.0
1163,562500.0,75.0,3.0,Nowe Miasto,0.0
1164,455000.0,49.73,3.0,Stare Miasto,4.0
1165,646200.0,81.8,3.0,Jeżyce,1.0
1166,342720.0,40.32,2.0,Nowe Miasto,2.0
1167,516000.0,67.33,3.0,Grunwald,0.0
1168,427000.0,46.43,2.0,Grunwald,1.0
1169,649000.0,83.0,4.0,Grunwald,0.0
1170,367164.0,39.48,2.0,wielkopolskie,7.0
1171,679995.0,59.13,3.0,Wilda,0.0
1172,330885.0,34.83,2.0,Grunwald,9.0
1173,327000.0,35.49,2.0,Stare Miasto,0.0
1174,439000.0,46.73,2.0,Grunwald,0.0
1175,417000.0,46.17,2.0,Grunwald,0.0
1176,498400.0,57.96,3.0,Nowe Miasto,0.0
1177,432000.0,45.58,2.0,Jeżyce,3.0
1178,411000.0,37.36,2.0,Jeżyce,3.0
1179,417000.0,39.64,2.0,Jeżyce,3.0
1180,508000.0,51.85,3.0,Jeżyce,2.0
1181,406000.0,39.64,2.0,Jeżyce,2.0
1182,501000.0,51.61,3.0,Jeżyce,2.0
1183,409400.0,29.94,1.0,Wilda,0.0
1184,280000.0,32.54,1.0,Stare Miasto,0.0
1185,518245.0,60.97,3.0,Grunwald,2.0
1186,350500.0,40.29,2.0,Nowe Miasto,0.0
1187,432930.0,48.74,3.0,Stare Miasto,2.0
1188,688200.0,70.95,4.0,Nowe Miasto,2.0
1189,610000.0,66.09,3.0,Jeżyce,0.0
1190,454400.0,42.27,2.0,Wilda,3.0
1191,520000.0,70.59,4.0,Grunwald,2.0
1192,353759.0,36.47,2.0,Grunwald,0.0
1193,640435.0,55.69,2.0,Wilda,1.0
1194,485000.0,47.55,2.0,Nowe Miasto,5.0
1195,387000.0,42.77,2.0,Jeżyce,4.0
1196,387000.0,42.7,2.0,Jeżyce,0.0
1197,369000.0,62.5,3.0,wielkopolskie,0.0
1198,342720.0,40.32,2.0,Nowe Miasto,0.0
1199,528100.0,52.81,2.0,Grunwald,1.0
1200,399000.0,47.19,3.0,Stare Miasto,2.0
1201,399000.0,47.19,3.0,Stare Miasto,3.0
1202,383148.0,37.8,2.0,Nowe Miasto,0.0
1203,461407.0,49.18,3.0,Nowe Miasto,5.0
1204,400107.0,37.93,2.0,Nowe Miasto,8.0
1205,495000.0,59.41,4.0,Nowe Miasto,1.0
1206,567000.0,77.0,4.0,Stare Miasto,2.0
1207,468666.0,47.34,2.0,Wilda,2.0
1208,303048.0,28.06,1.0,Nowe Miasto,0.0
1209,412400.0,38.72,2.0,Wilda,1.0
1210,378483.0,37.66,2.0,Nowe Miasto,1.0
1211,438768.0,49.86,4.0,wielkopolskie,7.0
1212,546336.0,65.04,3.0,Stare Miasto,1.0
1213,426732.0,49.62,2.0,Stare Miasto,2.0
1214,549999.0,52.95,3.0,Wilda,2.0
1215,343500.0,21.69,1.0,Stare Miasto,1.0
1216,526361.0,48.29,4.0,Jeżyce,0.0
1217,287000.0,26.01,1.0,Grunwald,3.0
1218,525928.0,75.24,3.0,Stare Miasto,3.0
1219,510000.0,50.0,3.0,Stare Miasto,4.0
1220,450000.0,67.0,2.0,Stare Miasto,4.0
1221,320000.0,27.0,1.0,Jeżyce,1.0
1222,635700.0,55.46,3.0,Wilda,2.0
1223,547300.0,46.07,2.0,Wilda,2.0
1224,339800.0,33.0,2.0,Stare Miasto,2.0
1225,380700.0,37.73,2.0,Wilda,1.0
1226,620900.0,62.97,3.0,Wilda,1.0
1227,447128.0,50.81,2.0,Stare Miasto,2.0
1228,653040.0,72.56,4.0,Jeżyce,0.0
1229,478202.0,52.84,3.0,Nowe Miasto,4.0
1230,361700.0,43.06,2.0,Nowe Miasto,0.0
1231,331700.0,39.97,2.0,Nowe Miasto,1.0
1232,399000.0,42.47,2.0,Nowe Miasto,5.0
1233,389436.0,42.0,2.0,Nowe Miasto,1.0
1234,369000.0,39.35,1.0,Nowe Miasto,3.0
1235,388290.0,45.15,2.0,Stare Miasto,2.0
1236,487706.0,56.71,3.0,Stare Miasto,2.0
1237,350500.0,40.29,2.0,Nowe Miasto,0.0
1238,397320.0,45.15,2.0,Stare Miasto,2.0
1239,347000.0,40.55,2.0,Nowe Miasto,5.0
1240,388290.0,45.15,2.0,Stare Miasto,2.0
1241,620000.0,69.49,3.0,Grunwald,7.0
1242,432000.0,46.64,2.0,Grunwald,0.0
1243,279705.0,32.15,2.0,Nowe Miasto,0.0
1244,374850.0,44.1,3.0,Nowe Miasto,0.0
1245,643500.0,53.38,3.0,Wilda,6.0
1246,466500.0,37.32,2.0,Wilda,1.0
1247,276020.0,26.76,1.0,Grunwald,3.0
1248,288021.0,25.25,1.0,Grunwald,9.0
1249,515352.0,47.28,2.0,Wilda,1.0
1250,530166.0,58.26,4.0,Nowe Miasto,6.0
1251,460000.0,51.2,2.0,Nowe Miasto,0.0
1252,512688.0,61.18,3.0,Stare Miasto,4.0
1253,483795.0,57.22,4.0,Nowe Miasto,7.0
1254,537082.0,59.15,4.0,Grunwald,4.0
1255,369512.0,39.52,2.0,Stare Miasto,4.0
1256,622318.0,75.8,4.0,Grunwald,5.0
1257,501100.0,44.86,1.0,Wilda,1.0
1258,397320.0,45.15,2.0,Stare Miasto,2.0
1259,397320.0,45.15,2.0,Stare Miasto,2.0
1260,341666.0,41.27,2.0,łówna,4.0
1261,487706.0,56.71,3.0,Stare Miasto,1.0
1262,352514.0,40.99,2.0,Stare Miasto,0.0
1263,399200.0,29.79,1.0,Wilda,1.0
1264,677700.0,60.38,3.0,Wilda,1.0
1265,420413.0,38.57,2.0,Wilda,5.0
1266,351440.0,38.2,2.0,Nowe Miasto,1.0
1267,315000.0,31.75,1.0,Nowe Miasto,0.0
1268,691300.0,60.0,3.0,Wilda,1.0
1269,573300.0,46.44,2.0,Wilda,3.0
1270,686100.0,61.68,3.0,Wilda,3.0
1271,401400.0,29.94,1.0,Wilda,1.0
1272,551000.0,67.41,3.0,Grunwald,2.0
1273,427000.0,46.43,2.0,Grunwald,1.0
1274,449798.0,44.89,2.0,Wilda,2.0
1275,432000.0,46.64,2.0,Grunwald,0.0
1276,452000.0,46.78,2.0,Grunwald,5.0
1277,623000.0,55.41,3.0,Wilda,1.0
1278,304056.0,30.9,1.0,Grunwald,6.0
1279,430708.0,45.82,2.0,Grunwald,4.0
1280,674000.0,60.3,3.0,Nowe Miasto,1.0
1281,360712.0,40.99,2.0,Stare Miasto,0.0
1282,688000.0,76.61,4.0,Nowe Miasto,2.0
1283,395000.0,29.79,1.0,Wilda,2.0
1284,399126.0,43.86,2.0,Stare Miasto,1.0
1285,424000.0,46.92,2.0,Grunwald,2.0
1286,441714.0,48.54,2.0,Nowe Miasto,1.0
1287,494472.0,56.19,4.0,wielkopolskie,5.0
1288,404500.0,29.87,1.0,Wilda,3.0
1289,394400.0,33.72,1.0,Wilda,3.0
1290,501100.0,44.86,2.0,Wilda,2.0
1291,445004.0,48.37,3.0,Grunwald,0.0
1292,359600.0,39.96,2.0,Nowe Miasto,2.0
1293,444297.0,41.33,2.0,Wilda,1.0
1294,441180.0,41.04,2.0,Wilda,2.0
1295,286217.0,36.23,2.0,Wilda,0.0
1296,347600.0,29.83,1.0,Wilda,1.0
1297,308070.0,29.34,1.0,wielkopolskie,0.0
1298,427000.0,46.43,2.0,Grunwald,1.0
1299,604240.0,72.8,4.0,Nowe Miasto,3.0
1300,474804.0,43.56,2.0,Wilda,1.0
1301,623000.0,55.41,3.0,Wilda,1.0
1302,529000.0,59.0,3.0,Jeżyce,3.0
1303,399200.0,29.79,1.0,Wilda,1.0
1304,677700.0,55.49,3.0,Wilda,5.0
1305,662000.0,88.14,4.0,Stare Miasto,4.0
1306,439900.0,42.9,2.0,Jeżyce,0.0
1307,357000.0,41.48,2.0,Nowe Miasto,0.0
1308,449798.0,44.89,2.0,Wilda,3.0
1309,478134.0,47.34,2.0,Wilda,2.0
1310,378882.0,47.37,2.0,Nowe Miasto,5.0
1311,435891.0,39.99,2.0,Wilda,5.0
1312,489301.0,44.89,2.0,Wilda,3.0
1313,506196.0,46.44,2.0,Wilda,4.0
1314,690200.0,60.41,3.0,Wilda,2.0
1315,380700.0,37.36,2.0,Wilda,0.0
1316,480400.0,44.37,2.0,Wilda,3.0
1317,392980.0,40.12,2.0,Nowe Miasto,0.0
1318,405720.0,44.1,3.0,Nowe Miasto,2.0
1319,623000.0,55.41,3.0,Wilda,1.0
1320,408030.0,40.6,2.0,Nowe Miasto,0.0
1321,425500.0,30.1,1.0,Wilda,1.0
1322,399200.0,29.79,1.0,Wilda,1.0
1323,385000.0,35.76,2.0,Wilda,2.0
1324,352800.0,28.34,1.0,Wilda,0.0
1325,461648.0,52.46,3.0,wielkopolskie,5.0
1326,503722.0,44.42,2.0,Grunwald,2.0
1327,395000.0,35.39,2.0,Jeżyce,0.0
1328,328000.0,30.34,1.0,Jeżyce,1.0
1329,396000.0,37.36,2.0,Jeżyce,1.0
1330,352800.0,35.7,1.0,Wilda,0.0
1331,352800.0,28.34,1.0,Wilda,0.0
1332,488300.0,44.37,2.0,Wilda,0.0
1333,514000.0,47.9,2.0,Wilda,0.0
1334,569900.0,55.31,3.0,Wilda,0.0
1335,517250.0,41.38,2.0,Wilda,1.0
1336,466125.0,37.29,1.0,Wilda,0.0
1337,437633.0,50.74,3.0,Stare Miasto,2.0
1338,421110.0,46.79,3.0,Stare Miasto,1.0
1339,437333.0,51.3,3.0,Stare Miasto,0.0
1340,562486.0,66.56,3.0,Stare Miasto,5.0
1341,461000.0,76.5,4.0,Nowe Miasto,0.0
1342,527675.0,75.49,3.0,Stare Miasto,2.0
1343,526766.0,75.36,3.0,Stare Miasto,1.0
1344,688200.0,71.0,4.0,Nowe Miasto,4.0
1345,646716.0,76.99,4.0,Jeżyce,0.0
1346,374850.0,44.1,2.0,Nowe Miasto,2.0
1347,599564.0,65.17,3.0,Stare Miasto,4.0
1348,396100.0,45.54,2.0,Nowe Miasto,1.0
1349,496900.0,57.78,3.0,Nowe Miasto,1.0
1350,462372.0,43.62,2.0,Wilda,3.0
1351,682600.0,71.11,4.0,Nowe Miasto,1.0
1352,431067.0,47.37,2.0,Nowe Miasto,3.0
1353,337635.0,36.6,2.0,Nowe Miasto,2.0
1354,438000.0,48.37,2.0,Grunwald,0.0
1355,454000.0,48.35,2.0,Grunwald,5.0
1356,324700.0,38.2,2.0,Nowe Miasto,2.0
1357,432000.0,46.64,2.0,Grunwald,0.0
1358,389014.0,44.85,3.0,Stare Miasto,4.0
1359,496908.0,57.78,3.0,Nowe Miasto,1.0
1360,403704.0,45.36,2.0,Nowe Miasto,2.0
1361,350523.0,40.29,2.0,Nowe Miasto,0.0
1362,439900.0,42.9,2.0,Jeżyce,0.0
1363,277801.0,27.99,2.0,Stare Miasto,2.0
1364,504845.0,60.28,4.0,Stare Miasto,3.0
1365,373152.0,40.56,2.0,Stare Miasto,3.0
1366,487135.0,57.31,2.0,Jeżyce,3.0
1367,447128.0,50.81,2.0,Stare Miasto,2.0
1368,397320.0,45.15,2.0,Stare Miasto,2.0
1369,397320.0,45.15,2.0,Stare Miasto,2.0
1370,426000.0,46.39,2.0,wielkopolskie,1.0
1371,682600.0,71.11,4.0,Nowe Miasto,1.0
1372,516000.0,67.33,3.0,Grunwald,0.0
1373,449000.0,48.35,2.0,Grunwald,2.0
1374,397320.0,45.15,2.0,Stare Miasto,2.0
1375,388290.0,45.15,2.0,Stare Miasto,2.0
1376,381969.0,40.42,3.0,Nowe Miasto,3.0
1377,292490.0,26.59,1.0,Nowe Miasto,6.0
1378,520000.0,51.61,3.0,Jeżyce,4.0
1379,399840.0,40.08,2.0,Nowe Miasto,2.0
1380,569000.0,82.8,4.0,Grunwald,0.0
1381,544000.0,67.41,3.0,Grunwald,1.0
1382,559344.0,65.04,3.0,Stare Miasto,1.0
1383,688881.0,86.38,4.0,Stare Miasto,4.0
1384,319748.0,37.18,2.0,Stare Miasto,0.0
1385,450000.0,36.81,2.0,Grunwald,2.0
1386,334400.0,39.81,2.0,Nowe Miasto,1.0
1387,364600.0,42.9,2.0,Nowe Miasto,1.0
1388,393200.0,46.26,2.0,Nowe Miasto,1.0
1389,352082.0,38.48,2.0,Nowe Miasto,4.0
1390,550179.0,87.33,3.0,Jeżyce,2.0
1391,688200.0,70.95,4.0,Nowe Miasto,0.0
1392,512800.0,57.62,3.0,Nowe Miasto,2.0
1393,403700.0,45.36,2.0,Nowe Miasto,2.0
1394,473448.0,46.19,3.0,Nowe Miasto,5.0
1395,360712.0,40.99,2.0,Stare Miasto,0.0
1396,692406.0,69.94,3.0,Grunwald,2.0
1397,390285.0,49.56,2.0,Stare Miasto,0.0
1398,604240.0,73.0,4.0,Nowe Miasto,3.0
1399,514000.0,49.94,3.0,Jeżyce,4.0
1400,671000.0,66.98,4.0,Jeżyce,4.0
1401,691000.0,69.12,4.0,Jeżyce,4.0
1402,490000.0,47.37,3.0,Jeżyce,4.0
1403,642000.0,68.2,3.0,Jeżyce,4.0
1404,572000.0,59.05,3.0,Jeżyce,4.0
1405,573000.0,56.23,3.0,Jeżyce,0.0
1406,492000.0,50.03,3.0,Jeżyce,4.0
1407,527000.0,53.82,3.0,Jeżyce,4.0
1408,580000.0,59.75,3.0,Jeżyce,4.0
1409,570000.0,59.68,3.0,Jeżyce,4.0
1410,570000.0,59.73,3.0,Jeżyce,4.0
1411,439000.0,46.49,2.0,Jeżyce,3.0
1412,558000.0,57.25,3.0,Jeżyce,4.0
1413,542000.0,56.23,3.0,Jeżyce,0.0
1414,413000.0,39.71,2.0,Jeżyce,0.0
1415,409000.0,39.71,2.0,Jeżyce,0.0
1416,426000.0,44.38,2.0,Jeżyce,0.0
1417,640000.0,66.39,3.0,Jeżyce,0.0
1418,407000.0,39.22,2.0,Jeżyce,0.0
1419,630000.0,66.88,3.0,Jeżyce,0.0
1420,560000.0,56.6,3.0,Jeżyce,4.0
1421,588000.0,64.52,3.0,Jeżyce,0.0
1422,419000.0,43.74,2.0,Jeżyce,3.0
1423,408000.0,45.59,2.0,Jeżyce,0.0
1424,507800.0,50.78,2.0,Grunwald,3.0
1425,629000.0,69.81,4.0,Jeżyce,3.0
1426,428000.0,39.3,2.0,Jeżyce,3.0
1427,620000.0,66.14,3.0,Jeżyce,3.0
1428,521000.0,52.25,3.0,Jeżyce,3.0
1429,551000.0,60.74,3.0,Jeżyce,0.0
1430,547000.0,60.71,3.0,Jeżyce,2.0
1431,532000.0,60.59,3.0,Jeżyce,1.0
1432,553000.0,60.71,3.0,Jeżyce,2.0
1433,583000.0,60.74,3.0,Jeżyce,0.0
1434,510000.0,51.61,3.0,Jeżyce,3.0
1435,506000.0,51.67,3.0,Jeżyce,3.0
1436,542000.0,60.71,3.0,Jeżyce,1.0
1437,609000.0,66.14,3.0,Jeżyce,2.0
1438,614000.0,66.1,3.0,Jeżyce,2.0
1439,515000.0,52.01,3.0,Jeżyce,3.0
1440,404000.0,37.36,2.0,Jeżyce,2.0
1441,604000.0,66.1,3.0,Jeżyce,1.0
1442,534000.0,58.61,3.0,Jeżyce,3.0
1443,427300.0,43.99,2.0,Jeżyce,3.0
1444,523000.0,59.68,3.0,Jeżyce,2.0
1445,597000.0,66.14,3.0,Jeżyce,1.0
1446,505000.0,52.01,3.0,Jeżyce,2.0
1447,401000.0,37.36,2.0,Jeżyce,2.0
1448,537000.0,60.71,3.0,Jeżyce,1.0
1449,591000.0,47.28,3.0,Wilda,6.0
1450,684000.0,76.27,4.0,Nowe Miasto,1.0
1451,698000.0,86.0,4.0,wielkopolskie,0.0
1452,683100.0,59.4,3.0,Wilda,5.0
1453,642390.0,55.86,2.0,Wilda,5.0
1454,665141.0,72.9,3.0,Grunwald,2.0
1455,689540.0,59.96,3.0,Wilda,5.0
1456,491000.0,39.28,2.0,Wilda,6.0
1457,635712.0,67.2,3.0,Grunwald,2.0
1458,396900.0,44.1,3.0,Nowe Miasto,2.0
1459,353650.0,32.15,2.0,Nowe Miasto,0.0
1460,471125.0,37.69,2.0,Wilda,5.0
1461,466750.0,37.34,2.0,Wilda,5.0
1462,572750.0,45.82,2.0,Wilda,5.0
1463,518125.0,41.45,2.0,Wilda,5.0
1464,517625.0,41.41,2.0,Wilda,5.0
1465,687585.0,59.79,3.0,Wilda,5.0
1466,472125.0,37.77,1.0,Wilda,4.0
1467,680915.0,59.21,3.0,Wilda,4.0
1468,566375.0,45.31,2.0,Wilda,4.0
1469,642850.0,55.9,2.0,Wilda,4.0
1470,466750.0,37.34,2.0,Wilda,4.0
1471,680685.0,59.19,3.0,Wilda,3.0
1472,472125.0,37.77,1.0,Wilda,3.0
1473,471125.0,37.69,2.0,Wilda,3.0
1474,642850.0,55.9,2.0,Wilda,3.0
1475,466750.0,37.34,2.0,Wilda,3.0
1476,466500.0,37.32,2.0,Wilda,3.0
1477,572750.0,45.82,2.0,Wilda,3.0
1478,594875.0,47.59,2.0,Wilda,3.0
1479,448944.0,47.76,3.0,Stare Miasto,4.0
1480,640435.0,55.69,2.0,Wilda,3.0
1481,605625.0,48.45,2.0,Wilda,3.0
1482,517250.0,41.38,2.0,Wilda,3.0
1483,688620.0,59.88,3.0,Wilda,3.0
1484,517625.0,41.41,2.0,Wilda,3.0
1485,687585.0,59.79,3.0,Wilda,3.0
1486,683100.0,59.4,3.0,Wilda,3.0
1487,680685.0,59.19,3.0,Wilda,2.0
1488,472375.0,37.79,1.0,Wilda,2.0
1489,566375.0,45.31,2.0,Wilda,2.0
1490,642850.0,55.9,2.0,Wilda,2.0
1491,466750.0,37.34,2.0,Wilda,2.0
1492,572500.0,45.8,2.0,Wilda,2.0
1493,594875.0,47.59,2.0,Wilda,2.0
1494,640435.0,55.69,2.0,Wilda,2.0
1495,605625.0,48.45,2.0,Wilda,2.0
1496,517250.0,41.38,2.0,Wilda,2.0
1497,688620.0,59.88,3.0,Wilda,2.0
1498,683100.0,59.4,3.0,Wilda,2.0
1499,472375.0,37.79,1.0,Wilda,1.0
1500,680685.0,59.19,3.0,Wilda,1.0
1501,471125.0,37.69,2.0,Wilda,1.0
1502,642850.0,55.9,2.0,Wilda,1.0
1503,466750.0,37.34,2.0,Wilda,1.0
1504,572750.0,45.82,2.0,Wilda,1.0
1505,605625.0,48.45,2.0,Wilda,1.0
1506,688620.0,59.88,3.0,Wilda,1.0
1507,517625.0,41.41,2.0,Wilda,1.0
1508,686550.0,59.7,3.0,Wilda,1.0
1509,699000.0,86.0,4.0,wielkopolskie,0.0
1510,550000.0,70.47,4.0,Jeżyce,0.0
1511,373842.0,36.12,2.0,Nowe Miasto,1.0
1512,699000.0,86.0,4.0,wielkopolskie,0.0
1513,587951.0,64.61,3.0,Nowe Miasto,4.0
1514,699000.0,86.0,4.0,wielkopolskie,0.0
1515,552276.0,63.48,3.0,Grunwald,2.0
1516,560628.0,64.44,3.0,Grunwald,2.0
1517,512674.0,61.12,3.0,Stare Miasto,4.0
1518,355525.0,37.15,1.0,Grunwald,4.0
1519,256000.0,27.0,1.0,Stare Miasto,4.0
1520,659780.0,59.98,4.0,Grunwald,3.0
1521,278878.0,27.01,1.0,Stare Miasto,0.0
1522,388290.0,45.15,2.0,Stare Miasto,2.0
1523,388290.0,45.15,2.0,Stare Miasto,2.0
1524,388290.0,45.15,2.0,Stare Miasto,1.0
1525,388290.0,45.15,2.0,Stare Miasto,1.0
1526,426560.0,49.6,2.0,Stare Miasto,1.0
1527,397320.0,45.15,2.0,Stare Miasto,1.0
1528,397320.0,45.15,2.0,Stare Miasto,1.0
1529,397320.0,45.15,2.0,Stare Miasto,1.0
1530,447128.0,50.81,2.0,Stare Miasto,1.0
1531,388290.0,45.15,2.0,Stare Miasto,1.0
1532,388290.0,45.15,2.0,Stare Miasto,1.0
1533,388290.0,45.15,2.0,Stare Miasto,1.0
1534,348730.0,40.55,2.0,Stare Miasto,0.0
1535,352514.0,40.99,2.0,Stare Miasto,0.0
1536,367994.0,42.79,2.0,Stare Miasto,0.0
1537,360712.0,40.99,2.0,Stare Miasto,0.0
1538,360712.0,40.99,2.0,Stare Miasto,0.0
1539,360712.0,40.99,2.0,Stare Miasto,0.0
1540,360712.0,40.99,2.0,Stare Miasto,0.0
1541,409640.0,46.55,2.0,Stare Miasto,0.0
1542,352600.0,41.0,2.0,Stare Miasto,0.0
1543,509236.0,55.96,3.0,Grunwald,8.0
1544,526950.0,58.55,3.0,Grunwald,5.0
1545,549630.0,61.07,3.0,Grunwald,9.0
1546,560628.0,64.44,3.0,Grunwald,5.0
1547,503640.0,55.96,3.0,Grunwald,7.0
1548,532259.0,58.49,3.0,Grunwald,8.0
1549,561324.0,64.52,3.0,Grunwald,6.0
1550,526950.0,58.55,3.0,Grunwald,4.0
1551,340942.0,34.79,1.0,Grunwald,8.0
1552,549630.0,61.07,3.0,Grunwald,8.0
1553,552276.0,63.48,3.0,Grunwald,3.0
1554,515152.0,58.54,3.0,Grunwald,1.0
1555,625170.0,68.7,3.0,Grunwald,8.0
1556,507300.0,53.4,3.0,Grunwald,0.0
1557,552900.0,58.2,3.0,Grunwald,0.0
1558,644360.0,72.4,3.0,Grunwald,9.0
1559,561324.0,64.52,3.0,Grunwald,7.0
1560,560628.0,64.44,3.0,Grunwald,3.0
1561,618300.0,68.7,3.0,Grunwald,6.0
1562,611864.0,69.53,3.0,Grunwald,6.0
1563,549630.0,61.07,3.0,Grunwald,7.0
1564,521451.0,56.07,3.0,Grunwald,10.0
1565,604472.0,68.69,3.0,Grunwald,1.0
1566,485640.0,53.96,3.0,Grunwald,5.0
1567,503640.0,55.96,3.0,Grunwald,6.0
1568,498222.0,55.98,3.0,Grunwald,3.0
1569,515844.0,56.07,3.0,Grunwald,9.0
1570,611341.0,68.69,3.0,Grunwald,3.0
1571,618210.0,68.69,3.0,Grunwald,5.0
1572,345450.0,35.25,1.0,Grunwald,9.0
1573,554312.0,62.99,3.0,Grunwald,7.0
1574,485640.0,53.96,3.0,Grunwald,4.0
1575,503640.0,55.96,3.0,Grunwald,4.0
1576,627618.0,72.14,3.0,Grunwald,2.0
1577,492624.0,55.98,3.0,Grunwald,2.0
1578,543790.0,61.1,3.0,Grunwald,3.0
1579,618300.0,68.7,3.0,Grunwald,7.0
1580,543790.0,61.1,3.0,Grunwald,2.0
1581,629447.0,69.17,3.0,Grunwald,9.0
1582,480333.0,53.97,3.0,Grunwald,3.0
1583,543790.0,61.1,3.0,Grunwald,1.0
1584,618210.0,68.69,3.0,Grunwald,4.0
1585,526950.0,58.55,3.0,Grunwald,6.0
1586,526320.0,58.48,3.0,Grunwald,7.0
1587,642046.0,72.14,3.0,Grunwald,8.0
1588,549900.0,61.1,3.0,Grunwald,6.0
1589,515152.0,58.54,3.0,Grunwald,2.0
1590,604911.0,69.53,3.0,Grunwald,3.0
1591,625791.0,71.93,3.0,Grunwald,0.0
1592,625068.0,64.44,3.0,Grunwald,4.0
1593,503640.0,55.96,3.0,Grunwald,5.0
1594,549900.0,61.1,3.0,Grunwald,5.0
1595,634832.0,72.14,3.0,Grunwald,5.0
1596,549900.0,61.1,3.0,Grunwald,4.0
1597,604472.0,68.69,3.0,Grunwald,2.0
1598,642046.0,72.14,3.0,Grunwald,7.0
1599,350612.0,38.11,1.0,Grunwald,0.0
1600,611952.0,69.54,3.0,Grunwald,7.0
1601,618906.0,69.54,3.0,Grunwald,10.0
1602,523925.0,55.15,2.0,Grunwald,0.0
1603,555737.0,61.07,3.0,Grunwald,10.0
1604,604911.0,69.53,3.0,Grunwald,1.0
1605,530961.0,61.03,3.0,Grunwald,0.0
1606,604911.0,69.53,3.0,Grunwald,2.0
1607,618906.0,69.54,3.0,Grunwald,8.0
1608,635904.0,69.12,3.0,Grunwald,10.0
1609,627618.0,72.14,3.0,Grunwald,1.0
1610,586599.0,65.91,3.0,Grunwald,10.0
1611,485730.0,53.97,3.0,Grunwald,6.0
1612,618906.0,69.54,3.0,Grunwald,9.0
1613,480510.0,53.39,3.0,Grunwald,3.0
1614,567776.0,64.52,3.0,Grunwald,8.0
1615,611864.0,69.53,3.0,Grunwald,5.0
1616,574228.0,64.52,3.0,Grunwald,9.0
1617,349470.0,38.83,1.0,Grunwald,3.0
1618,611864.0,69.53,3.0,Grunwald,4.0
1619,369514.0,39.31,1.0,Grunwald,10.0
1620,547740.0,64.44,3.0,Grunwald,1.0
1621,552276.0,63.48,3.0,Grunwald,1.0
1622,365769.0,39.33,1.0,Grunwald,9.0
1623,554312.0,62.99,3.0,Grunwald,6.0
1624,560611.0,62.99,3.0,Grunwald,8.0
1625,634832.0,72.14,3.0,Grunwald,6.0
1626,560611.0,62.99,3.0,Grunwald,10.0
1627,643826.0,72.34,3.0,Grunwald,10.0
1628,560611.0,62.99,3.0,Grunwald,9.0
1629,560628.0,64.44,3.0,Grunwald,4.0
1630,558624.0,63.48,3.0,Grunwald,5.0
1631,475171.0,53.39,3.0,Grunwald,1.0
1632,480438.0,51.66,3.0,Grunwald,4.0
1633,558624.0,63.48,3.0,Grunwald,4.0
1634,475272.0,51.66,3.0,Grunwald,2.0
1635,493737.0,53.09,3.0,Grunwald,0.0
1636,451106.0,47.99,3.0,Grunwald,4.0
1637,475272.0,51.66,3.0,Grunwald,3.0
1638,495558.0,61.18,3.0,Stare Miasto,2.0
1639,352514.0,40.99,2.0,Stare Miasto,0.0
1640,352514.0,40.99,2.0,Stare Miasto,0.0
1641,487706.0,56.71,3.0,Stare Miasto,2.0
1642,383904.0,44.64,2.0,Stare Miasto,2.0
1643,388290.0,45.15,2.0,Stare Miasto,2.0
1644,388290.0,45.15,2.0,Stare Miasto,2.0
1645,388290.0,45.15,2.0,Stare Miasto,2.0
1646,388290.0,45.15,2.0,Stare Miasto,2.0
1647,397320.0,45.15,2.0,Stare Miasto,2.0
1648,397320.0,45.15,2.0,Stare Miasto,2.0
1649,397320.0,45.15,2.0,Stare Miasto,2.0
1650,397320.0,45.15,2.0,Stare Miasto,2.0
1651,397320.0,45.15,2.0,Stare Miasto,2.0
1652,397320.0,45.15,2.0,Stare Miasto,2.0
1653,397320.0,45.15,2.0,Stare Miasto,2.0
1654,397320.0,45.15,2.0,Stare Miasto,2.0
1655,379016.0,43.07,2.0,Stare Miasto,2.0
1656,559344.0,65.04,3.0,Stare Miasto,2.0
1657,388290.0,45.15,2.0,Stare Miasto,2.0
1658,388290.0,45.15,2.0,Stare Miasto,2.0
1659,388290.0,45.15,2.0,Stare Miasto,2.0
1660,383904.0,44.64,2.0,Stare Miasto,2.0
1661,487706.0,56.71,3.0,Stare Miasto,1.0
1662,384076.0,44.66,2.0,Stare Miasto,1.0
1663,388290.0,45.15,2.0,Stare Miasto,1.0
1664,388290.0,45.15,2.0,Stare Miasto,1.0
1665,370230.0,45.15,2.0,Stare Miasto,1.0
1666,388290.0,45.15,2.0,Stare Miasto,1.0
1667,447128.0,50.81,2.0,Stare Miasto,1.0
1668,397320.0,45.15,2.0,Stare Miasto,1.0
1669,397320.0,45.15,2.0,Stare Miasto,1.0
1670,397320.0,45.15,2.0,Stare Miasto,1.0
1671,397320.0,45.15,2.0,Stare Miasto,1.0
1672,397320.0,45.15,2.0,Stare Miasto,1.0
1673,397320.0,45.15,2.0,Stare Miasto,1.0
1674,397320.0,45.15,2.0,Stare Miasto,1.0
1675,397320.0,45.15,2.0,Stare Miasto,1.0
1676,379016.0,43.07,2.0,Stare Miasto,1.0
1677,388290.0,45.15,2.0,Stare Miasto,1.0
1678,388290.0,45.15,2.0,Stare Miasto,1.0
1679,370230.0,45.15,2.0,Stare Miasto,1.0
1680,383904.0,44.64,2.0,Stare Miasto,1.0
1681,348730.0,40.55,2.0,Stare Miasto,0.0
1682,348300.0,40.5,2.0,Stare Miasto,0.0
1683,352514.0,40.99,2.0,Stare Miasto,0.0
1684,352514.0,40.99,2.0,Stare Miasto,0.0
1685,352514.0,40.99,2.0,Stare Miasto,0.0
1686,352600.0,41.0,2.0,Stare Miasto,0.0
1687,513238.0,62.59,3.0,Stare Miasto,2.0
1688,474981.0,56.85,3.0,Stare Miasto,1.0
1689,501676.0,61.18,3.0,Stare Miasto,3.0
1690,656481.0,59.98,4.0,Grunwald,2.0
1691,308978.0,32.87,1.0,Nowe Miasto,4.0
1692,353549.0,31.88,1.0,Nowe Miasto,5.0
1693,425852.0,41.64,2.0,Nowe Miasto,3.0
1694,427462.0,41.59,2.0,Nowe Miasto,3.0
1695,441415.0,41.88,2.0,Nowe Miasto,5.0
1696,441122.0,41.88,2.0,Nowe Miasto,4.0
1697,421688.0,41.64,2.0,Nowe Miasto,2.0
1698,441415.0,41.88,2.0,Nowe Miasto,5.0
1699,432578.0,41.88,2.0,Nowe Miasto,2.0
1700,417482.0,41.64,2.0,Nowe Miasto,1.0
1701,431662.0,41.59,2.0,Nowe Miasto,4.0
1702,431662.0,41.59,2.0,Nowe Miasto,4.0
1703,441415.0,41.88,2.0,Nowe Miasto,5.0
1704,366000.0,32.6,1.0,Nowe Miasto,4.0
1705,441122.0,41.88,2.0,Nowe Miasto,4.0
1706,353549.0,31.88,1.0,Nowe Miasto,5.0
1707,413302.0,40.5,2.0,Nowe Miasto,3.0
1708,542703.0,42.07,2.0,Nowe Miasto,5.0
1709,442121.0,42.61,2.0,Nowe Miasto,1.0
1710,350584.0,31.88,1.0,Nowe Miasto,4.0
1711,425250.0,40.5,2.0,Nowe Miasto,5.0
1712,441415.0,41.88,2.0,Nowe Miasto,5.0
1713,455415.0,42.61,2.0,Nowe Miasto,4.0
1714,442121.0,42.61,2.0,Nowe Miasto,1.0
1715,425852.0,41.64,2.0,Nowe Miasto,3.0
1716,441415.0,41.88,2.0,Nowe Miasto,5.0
1717,360274.0,32.09,1.0,Nowe Miasto,4.0
1718,436808.0,41.88,2.0,Nowe Miasto,3.0
1719,548239.0,52.97,2.0,Nowe Miasto,5.0
1720,430016.0,41.64,2.0,Nowe Miasto,4.0
1721,305691.0,32.87,1.0,Nowe Miasto,3.0
1722,370767.0,32.09,1.0,Nowe Miasto,5.0
1723,455415.0,42.61,2.0,Nowe Miasto,4.0
1724,353310.0,32.09,1.0,Nowe Miasto,2.0
1725,455415.0,42.61,2.0,Nowe Miasto,4.0
1726,295275.0,31.75,1.0,Nowe Miasto,3.0
1727,350584.0,31.88,1.0,Nowe Miasto,4.0
1728,430016.0,41.64,2.0,Nowe Miasto,4.0
1729,455415.0,42.61,2.0,Nowe Miasto,4.0
1730,306440.0,32.6,1.0,Nowe Miasto,4.0
1731,350584.0,31.88,1.0,Nowe Miasto,4.0
1732,455415.0,42.61,2.0,Nowe Miasto,4.0
1733,514639.0,49.06,2.0,Nowe Miasto,5.0
1734,349781.0,32.09,1.0,Nowe Miasto,1.0
1735,306440.0,32.6,1.0,Nowe Miasto,4.0
1736,301625.0,31.75,1.0,Nowe Miasto,5.0
1737,419060.0,41.59,2.0,Nowe Miasto,1.0
1738,427462.0,41.59,2.0,Nowe Miasto,3.0
1739,427462.0,41.59,2.0,Nowe Miasto,3.0
1740,427462.0,41.59,2.0,Nowe Miasto,3.0
1741,441122.0,41.88,2.0,Nowe Miasto,4.0
1742,406253.0,40.52,1.0,Nowe Miasto,1.0
1743,354683.0,30.7,1.0,Nowe Miasto,5.0
1744,427462.0,41.59,2.0,Nowe Miasto,3.0
1745,353549.0,31.88,1.0,Nowe Miasto,5.0
1746,431662.0,41.59,2.0,Nowe Miasto,4.0
1747,441122.0,41.88,2.0,Nowe Miasto,4.0
1748,362446.0,32.6,1.0,Nowe Miasto,3.0
1749,450984.0,42.61,2.0,Nowe Miasto,3.0
1750,436808.0,41.88,2.0,Nowe Miasto,3.0
1751,298450.0,31.75,1.0,Nowe Miasto,4.0
1752,446552.0,42.61,2.0,Nowe Miasto,2.0
1753,455415.0,42.61,2.0,Nowe Miasto,4.0
1754,438282.0,42.24,2.0,Nowe Miasto,0.0
1755,344206.0,31.88,1.0,Nowe Miasto,2.0
1756,423261.0,41.59,2.0,Nowe Miasto,2.0
1757,421688.0,41.64,2.0,Nowe Miasto,2.0
1758,423261.0,41.59,2.0,Nowe Miasto,2.0
1759,424481.0,41.51,2.0,Nowe Miasto,0.0
1760,432578.0,41.88,2.0,Nowe Miasto,2.0
1761,423261.0,41.59,2.0,Nowe Miasto,2.0
1762,424481.0,41.51,2.0,Nowe Miasto,0.0
1763,432578.0,41.88,2.0,Nowe Miasto,2.0
1764,423261.0,41.59,2.0,Nowe Miasto,2.0
1765,432578.0,41.88,2.0,Nowe Miasto,2.0
1766,419060.0,41.59,2.0,Nowe Miasto,1.0
1767,446552.0,42.61,2.0,Nowe Miasto,2.0
1768,358926.0,32.6,1.0,Nowe Miasto,2.0
1769,417482.0,41.64,2.0,Nowe Miasto,1.0
1770,419060.0,41.59,2.0,Nowe Miasto,1.0
1771,442121.0,42.61,2.0,Nowe Miasto,1.0
1772,424481.0,41.51,2.0,Nowe Miasto,0.0
1773,432578.0,41.88,2.0,Nowe Miasto,2.0
1774,419060.0,41.59,2.0,Nowe Miasto,1.0
1775,419060.0,41.59,2.0,Nowe Miasto,1.0
1776,415534.0,41.24,2.0,Nowe Miasto,0.0
1777,442121.0,42.61,1.0,Nowe Miasto,1.0
1778,415534.0,41.24,2.0,Nowe Miasto,0.0
1779,355340.0,32.6,1.0,Nowe Miasto,1.0
1780,442121.0,42.61,2.0,Nowe Miasto,1.0
1781,351743.0,32.27,1.0,Nowe Miasto,0.0
1782,401541.0,40.05,1.0,Nowe Miasto,0.0
1783,336374.0,30.86,1.0,Nowe Miasto,0.0
1784,438282.0,42.24,2.0,Nowe Miasto,0.0
1785,424481.0,41.51,2.0,Nowe Miasto,0.0
1786,438282.0,42.24,2.0,Nowe Miasto,0.0
1787,415534.0,41.24,2.0,Nowe Miasto,0.0
1788,438282.0,42.24,2.0,Nowe Miasto,0.0
1789,438282.0,42.24,2.0,Nowe Miasto,0.0
1790,513976.0,62.68,3.0,Stare Miasto,3.0
1791,506964.0,61.08,3.0,Stare Miasto,3.0
1792,545061.0,65.67,4.0,Stare Miasto,3.0
1793,487241.0,57.39,3.0,Stare Miasto,3.0
1794,601418.0,72.46,4.0,Stare Miasto,3.0
1795,500748.0,60.66,3.0,Stare Miasto,1.0
1796,689052.0,88.34,4.0,Stare Miasto,3.0
1797,603591.0,72.46,4.0,Stare Miasto,2.0
1798,505200.0,62.68,3.0,Stare Miasto,1.0
1799,515003.0,60.66,3.0,Stare Miasto,3.0
1800,489934.0,59.35,3.0,Stare Miasto,1.0
1801,507708.0,62.68,3.0,Stare Miasto,2.0
1802,644520.0,78.6,4.0,Stare Miasto,3.0
1803,510271.0,60.66,3.0,Stare Miasto,2.0
1804,482764.0,57.39,3.0,Stare Miasto,2.0
1805,466575.0,62.21,3.0,Stare Miasto,0.0
1806,521389.0,61.82,3.0,Stare Miasto,2.0
1807,484020.0,56.85,3.0,Stare Miasto,2.0
1808,531367.0,61.83,3.0,Stare Miasto,4.0
1809,651201.0,78.6,4.0,Stare Miasto,4.0
1810,598239.0,72.47,4.0,Stare Miasto,1.0
1811,502688.0,61.08,3.0,Stare Miasto,2.0
1812,516506.0,61.82,3.0,Stare Miasto,1.0
1813,493110.0,61.18,3.0,Stare Miasto,1.0
1814,494610.0,61.29,3.0,Stare Miasto,0.0
1815,498922.0,61.18,3.0,Stare Miasto,1.0
1816,699000.0,77.0,4.0,wielkopolskie,0.0
1817,699000.0,91.0,4.0,wielkopolskie,0.0
1818,454830.0,42.31,2.0,Wilda,1.0
1819,699000.0,91.0,4.0,wielkopolskie,0.0
1820,453600.0,43.2,2.0,Stare Miasto,6.0
1821,432000.0,43.2,2.0,Stare Miasto,5.0
1822,432000.0,43.2,2.0,Stare Miasto,1.0
1823,699000.0,77.0,4.0,wielkopolskie,0.0
1824,694410.0,87.9,3.0,Jeżyce,3.0
1825,694568.0,87.92,3.0,Jeżyce,3.0
1826,698913.0,88.47,3.0,Jeżyce,3.0
1827,559360.0,58.88,3.0,Jeżyce,0.0
1828,559455.0,58.89,3.0,Jeżyce,0.0
1829,547740.0,60.86,3.0,Jeżyce,0.0
1830,541500.0,57.0,3.0,Jeżyce,0.0
1831,542450.0,57.1,3.0,Jeżyce,0.0
1832,567150.0,59.7,3.0,Jeżyce,0.0
1833,538935.0,56.73,3.0,Jeżyce,0.0
1834,663995.0,84.05,3.0,Jeżyce,3.0
1835,614215.0,56.35,3.0,Jeżyce,0.0
1836,659334.0,83.46,3.0,Jeżyce,3.0
1837,420812.0,42.94,2.0,Grunwald,1.0
1838,425106.0,42.94,2.0,Grunwald,2.0
1839,258000.0,27.0,1.0,Stare Miasto,0.0
1840,345000.0,36.21,2.0,Nowe Miasto,1.0
1841,699000.0,76.0,4.0,wielkopolskie,0.0
1842,490000.0,60.0,3.0,Nowe Miasto,1.0
1843,490000.0,60.0,4.0,Nowe Miasto,1.0
1844,699000.0,76.0,4.0,wielkopolskie,0.0
1845,698000.0,76.0,4.0,wielkopolskie,0.0
1846,699000.0,91.0,4.0,wielkopolskie,0.0
1847,397880.0,40.6,2.0,Nowe Miasto,0.0
1848,699000.0,92.0,4.0,wielkopolskie,0.0
1849,699000.0,76.0,4.0,wielkopolskie,0.0
1850,698000.0,91.0,4.0,wielkopolskie,0.0
1851,624335.0,70.15,3.0,Grunwald,3.0
1852,642162.0,74.67,3.0,Grunwald,2.0
1853,638456.0,70.16,3.0,Grunwald,4.0
1854,625937.0,70.33,3.0,Grunwald,3.0
1855,528088.0,59.84,4.0,Stare Miasto,4.0
1856,311108.0,29.7,1.0,Stare Miasto,1.0
1857,287000.0,26.01,1.0,Grunwald,3.0
1858,355000.0,41.09,2.0,Stare Miasto,1.0
1859,270775.0,27.0,1.0,Stare Miasto,2.0
1860,699000.0,76.0,4.0,wielkopolskie,0.0
1861,259000.0,28.0,1.0,Stare Miasto,4.0
1862,698000.0,91.0,4.0,wielkopolskie,0.0
1863,423900.0,51.3,3.0,Stare Miasto,1.0
1864,502722.0,50.78,2.0,Grunwald,2.0
1865,672075.0,46.35,3.0,Stare Miasto,5.0
1866,699000.0,77.0,4.0,wielkopolskie,0.0
1867,699000.0,76.0,4.0,wielkopolskie,0.0
1868,699000.0,91.0,4.0,wielkopolskie,0.0
1869,352900.0,38.89,2.0,Stare Miasto,2.0
1870,697000.0,77.0,4.0,wielkopolskie,0.0
1871,491568.0,55.86,4.0,Stare Miasto,5.0
1872,564694.0,76.31,4.0,Stare Miasto,1.0
1873,337637.0,32.86,2.0,Stare Miasto,0.0
1874,396522.0,41.96,2.0,Stare Miasto,0.0
1875,681724.0,84.95,4.0,Stare Miasto,5.0
1876,689000.0,86.0,4.0,Grunwald,2.0
1877,407000.0,46.0,2.0,Grunwald,2.0
1878,427000.0,46.0,2.0,Grunwald,1.0
1879,278878.0,27.01,1.0,Stare Miasto,0.0
1880,381122.0,38.11,2.0,Stare Miasto,1.0
1881,338813.0,34.75,2.0,Stare Miasto,0.0
1882,347003.0,35.59,2.0,Stare Miasto,0.0
1883,697000.0,76.0,4.0,wielkopolskie,0.0
1884,634671.0,65.0,3.0,Jeżyce,1.0
1885,437670.0,64.84,3.0,Jeżyce,1.0
1886,698000.0,91.0,4.0,wielkopolskie,0.0
1887,525294.0,53.06,2.0,Grunwald,2.0
1888,524106.0,52.94,2.0,Grunwald,2.0
1889,530600.0,53.06,2.0,Grunwald,3.0
1890,543943.0,52.81,2.0,Grunwald,3.0
1891,518812.0,52.94,2.0,Grunwald,1.0
1892,699000.0,76.0,4.0,wielkopolskie,0.0
1893,547401.0,58.64,3.0,B,6.0
1894,697000.0,91.0,4.0,wielkopolskie,0.0
1895,698000.0,77.0,4.0,wielkopolskie,0.0
